Workbook

Sheet README
A1: SOFR zero curve – ICE vs BBG pre-onboarding comparison (demo)
A2: Synthetic demo on the uploaded SOFR data, Jan-2020 to Sep-2026, 14 tenors 1D–10Y. Spread convention everywhere: ICE − BBG, in bp.
A4: How to read this workbook
A5: 1. Verdict | B5: Executive tenor × year heatmap: GREEN / AMBER / RED and which metric fired. Start here.
A6: 2. Use_Cases | B6: The five demo cases: what was injected, which metrics caught it, which ones missed it, and the linked evidence.
A7: 3. Charts | B7: One chart per use case.
A8: 4. Heatmap_Year | B8: Every metric by tenor × year (plus full history), coloured against Thresholds.
A9: 5. Scorecard | B9: Full-history view per tenor. Shows how whole-history stats dilute a regime problem (e.g. 1D Spearman passes on full history).
A10: 6. Curve_Shape | B10: Curve-level checks per year: butterflies, slope, PCA on daily Δ.
A11: 7. Thresholds | B11: Editable RAG bounds (yellow). Everything recolours and re-verdicts when you change them.
A12: 8. Injection_Log | B12: Exactly what was planted where, so the demo is auditable.
A13: 9. Data sheets | B13: ICE_ZeroRates, BBG_ZeroRates (inputs), Spread_bp (formulas).
A15: Design principles
A16: Changes, not levels | B16: Correlation and KS are run on daily Δ. Levels of two trending series correlate ~1 even when day-to-day moves disagree.
A17: Buckets, not days | B17: Every metric is computed per tenor × calendar year so 2020–2026 fits on one screen; a red cell tells you where to drill down.
A18: Complementary detectors | B18: No single test catches everything: co-movement (Spearman, direction), distribution (KS, vol, tail), level (spread, robust z), trend (60d gap, opposite-trend) and shape (residual, butterflies).
A19: Calibrated thresholds | B19: Bounds were set from the clean tenor-years in this dataset with a margin. On real data, recalibrate on a period you trust before go-live (TBC).
A21: Key findings from the demo
A22: Correlation alone is not enough | B22: The 2Y divergence (60bp gap) still passes Spearman (0.852) and KS (0.057): slow drift is invisible in daily noise. Only the trend and level metrics catch it.
A23: Full history hides regimes | B23: The 1D stale block in 2021 gives full-history Spearman 0.868 and KS 0.049 (both green); by year, 2021 is RED on eight metrics.
A24: Single spikes hide in correlation | B24: The 5Y 83bp print barely moves Spearman (0.868) but explodes vol ratio (3.1x), tail ratio (4.3x) and robust z (99).
A25: Shape issues need a shape metric | B25: The 9M dip passes every Δ-based test; only the shape residual, the 6M-9M-1Y butterfly and max |spread| see it.
A26: Caveat | B26: The data is synthetic: the vendor noise (~0.85bp) makes clean Spearman ≈0.90. Real ICE vs BBG on the same curve should be tighter, so thresholds will tighten too.

Sheet Verdict
A1: Executive verdict – tenor × year
A2: Worst RAG across all 13 metrics (live formulas on Heatmap_Year + Thresholds). Right-hand table names the red metrics.
K3: Red metrics fired
A4: Tenor | B4: 2020 | C4: 2021 | D4: 2022 | E4: 2023 | F4: 2024 | G4: 2025 | H4: 2026 | I4: Full | K4: Tenor | L4: 2020 | M4: 2021 | N4: 2022 | O4: 2023 | P4: 2024 | Q4: 2025 | R4: 2026 | S4: Full
A5: 1D | B5: =IF((ABS(Heatmap_Year!B6)>Thresholds!$F$5)*1+(Heatmap_Year!B23>Thresholds!$F$6)*1+(Heatmap_Year!B40>Thresholds!$F$7)*1+(Heatmap_Year!B57<Thresholds!$F$8)*1+(Heatmap_Year!B74>Thresholds!$F$9)*1+(ABS(LN(Heatmap_Year!B91))>Thresholds!$F$10)*1+(ABS(LN(Heatmap_Year!B108))>Thresholds!$F$11)*1+(Heatmap_Year!B125<Thresholds!$F$12)*1+(Heatmap_Year!B142>Thresholds!$F$13)*1+(Heatmap_Year!B159>Thresholds!$F$14)*1+(Heatmap_Year!B176>Thresholds!$F$15)*1+(Heatmap_Year!B193>Thresholds!$F$16)*1+(Heatmap_Year!B210>Thresholds!$F$17)*1>0,"RED",IF((ABS(Heatmap_Year!B6)>Thresholds!$E$5)*1+(Heatmap_Year!B23>Thresholds!$E$6)*1+(Heatmap_Year!B40>Thresholds!$E$7)*1+(Heatmap_Year!B57<Thresholds!$E$8)*1+(Heatmap_Year!B74>Thresholds!$E$9)*1+(ABS(LN(Heatmap_Year!B91))>Thresholds!$E$10)*1+(ABS(LN(Heatmap_Year!B108))>Thresholds!$E$11)*1+(Heatmap_Year!B125<Thresholds!$E$12)*1+(Heatmap_Year!B142>Thresholds!$E$13)*1+(Heatmap_Year!B159>Thresholds!$E$14)*1+(Heatmap_Year!B176>Thresholds!$E$15)*1+(Heatmap_Year!B193>Thresholds!$E$16)*1+(Heatmap_Year!B210>Thresholds!$E$17)*1>0,"AMBER","GREEN")) -> GREEN | C5: =IF((ABS(Heatmap_Year!C6)>Thresholds!$F$5)*1+(Heatmap_Year!C23>Thresholds!$F$6)*1+(Heatmap_Year!C40>Thresholds!$F$7)*1+(Heatmap_Year!C57<Thresholds!$F$8)*1+(Heatmap_Year!C74>Thresholds!$F$9)*1+(ABS(LN(Heatmap_Year!C91))>Thresholds!$F$10)*1+(ABS(LN(Heatmap_Year!C108))>Thresholds!$F$11)*1+(Heatmap_Year!C125<Thresholds!$F$12)*1+(Heatmap_Year!C142>Thresholds!$F$13)*1+(Heatmap_Year!C159>Thresholds!$F$14)*1+(Heatmap_Year!C176>Thresholds!$F$15)*1+(Heatmap_Year!C193>Thresholds!$F$16)*1+(Heatmap_Year!C210>Thresholds!$F$17)*1>0,"RED",IF((ABS(Heatmap_Year!C6)>Thresholds!$E$5)*1+(Heatmap_Year!C23>Thresholds!$E$6)*1+(Heatmap_Year!C40>Thresholds!$E$7)*1+(Heatmap_Year!C57<Thresholds!$E$8)*1+(Heatmap_Year!C74>Thresholds!$E$9)*1+(ABS(LN(Heatmap_Year!C91))>Thresholds!$E$10)*1+(ABS(LN(Heatmap_Year!C108))>Thresholds!$E$11)*1+(Heatmap_Year!C125<Thresholds!$E$12)*1+(Heatmap_Year!C142>Thresholds!$E$13)*1+(Heatmap_Year!C159>Thresholds!$E$14)*1+(Heatmap_Year!C176>Thresholds!$E$15)*1+(Heatmap_Year!C193>Thresholds!$E$16)*1+(Heatmap_Year!C210>Thresholds!$E$17)*1>0,"AMBER","GREEN")) -> RED | D5: =IF((ABS(Heatmap_Year!D6)>Thresholds!$F$5)*1+(Heatmap_Year!D23>Thresholds!$F$6)*1+(Heatmap_Year!D40>Thresholds!$F$7)*1+(Heatmap_Year!D57<Thresholds!$F$8)*1+(Heatmap_Year!D74>Thresholds!$F$9)*1+(ABS(LN(Heatmap_Year!D91))>Thresholds!$F$10)*1+(ABS(LN(Heatmap_Year!D108))>Thresholds!$F$11)*1+(Heatmap_Year!D125<Thresholds!$F$12)*1+(Heatmap_Year!D142>Thresholds!$F$13)*1+(Heatmap_Year!D159>Thresholds!$F$14)*1+(Heatmap_Year!D176>Thresholds!$F$15)*1+(Heatmap_Year!D193>Thresholds!$F$16)*1+(Heatmap_Year!D210>Thresholds!$F$17)*1>0,"RED",IF((ABS(Heatmap_Year!D6)>Thresholds!$E$5)*1+(Heatmap_Year!D23>Thresholds!$E$6)*1+(Heatmap_Year!D40>Thresholds!$E$7)*1+(Heatmap_Year!D57<Thresholds!$E$8)*1+(Heatmap_Year!D74>Thresholds!$E$9)*1+(ABS(LN(Heatmap_Year!D91))>Thresholds!$E$10)*1+(ABS(LN(Heatmap_Year!D108))>Thresholds!$E$11)*1+(Heatmap_Year!D125<Thresholds!$E$12)*1+(Heatmap_Year!D142>Thresholds!$E$13)*1+(Heatmap_Year!D159>Thresholds!$E$14)*1+(Heatmap_Year!D176>Thresholds!$E$15)*1+(Heatmap_Year!D193>Thresholds!$E$16)*1+(Heatmap_Year!D210>Thresholds!$E$17)*1>0,"AMBER","GREEN")) -> GREEN | E5: =IF((ABS(Heatmap_Year!E6)>Thresholds!$F$5)*1+(Heatmap_Year!E23>Thresholds!$F$6)*1+(Heatmap_Year!E40>Thresholds!$F$7)*1+(Heatmap_Year!E57<Thresholds!$F$8)*1+(Heatmap_Year!E74>Thresholds!$F$9)*1+(ABS(LN(Heatmap_Year!E91))>Thresholds!$F$10)*1+(ABS(LN(Heatmap_Year!E108))>Thresholds!$F$11)*1+(Heatmap_Year!E125<Thresholds!$F$12)*1+(Heatmap_Year!E142>Thresholds!$F$13)*1+(Heatmap_Year!E159>Thresholds!$F$14)*1+(Heatmap_Year!E176>Thresholds!$F$15)*1+(Heatmap_Year!E193>Thresholds!$F$16)*1+(Heatmap_Year!E210>Thresholds!$F$17)*1>0,"RED",IF((ABS(Heatmap_Year!E6)>Thresholds!$E$5)*1+(Heatmap_Year!E23>Thresholds!$E$6)*1+(Heatmap_Year!E40>Thresholds!$E$7)*1+(Heatmap_Year!E57<Thresholds!$E$8)*1+(Heatmap_Year!E74>Thresholds!$E$9)*1+(ABS(LN(Heatmap_Year!E91))>Thresholds!$E$10)*1+(ABS(LN(Heatmap_Year!E108))>Thresholds!$E$11)*1+(Heatmap_Year!E125<Thresholds!$E$12)*1+(Heatmap_Year!E142>Thresholds!$E$13)*1+(Heatmap_Year!E159>Thresholds!$E$14)*1+(Heatmap_Year!E176>Thresholds!$E$15)*1+(Heatmap_Year!E193>Thresholds!$E$16)*1+(Heatmap_Year!E210>Thresholds!$E$17)*1>0,"AMBER","GREEN")) -> GREEN | F5: =IF((ABS(Heatmap_Year!F6)>Thresholds!$F$5)*1+(Heatmap_Year!F23>Thresholds!$F$6)*1+(Heatmap_Year!F40>Thresholds!$F$7)*1+(Heatmap_Year!F57<Thresholds!$F$8)*1+(Heatmap_Year!F74>Thresholds!$F$9)*1+(ABS(LN(Heatmap_Year!F91))>Thresholds!$F$10)*1+(ABS(LN(Heatmap_Year!F108))>Thresholds!$F$11)*1+(Heatmap_Year!F125<Thresholds!$F$12)*1+(Heatmap_Year!F142>Thresholds!$F$13)*1+(Heatmap_Year!F159>Thresholds!$F$14)*1+(Heatmap_Year!F176>Thresholds!$F$15)*1+(Heatmap_Year!F193>Thresholds!$F$16)*1+(Heatmap_Year!F210>Thresholds!$F$17)*1>0,"RED",IF((ABS(Heatmap_Year!F6)>Thresholds!$E$5)*1+(Heatmap_Year!F23>Thresholds!$E$6)*1+(Heatmap_Year!F40>Thresholds!$E$7)*1+(Heatmap_Year!F57<Thresholds!$E$8)*1+(Heatmap_Year!F74>Thresholds!$E$9)*1+(ABS(LN(Heatmap_Year!F91))>Thresholds!$E$10)*1+(ABS(LN(Heatmap_Year!F108))>Thresholds!$E$11)*1+(Heatmap_Year!F125<Thresholds!$E$12)*1+(Heatmap_Year!F142>Thresholds!$E$13)*1+(Heatmap_Year!F159>Thresholds!$E$14)*1+(Heatmap_Year!F176>Thresholds!$E$15)*1+(Heatmap_Year!F193>Thresholds!$E$16)*1+(Heatmap_Year!F210>Thresholds!$E$17)*1>0,"AMBER","GREEN")) -> GREEN | G5: =IF((ABS(Heatmap_Year!G6)>Thresholds!$F$5)*1+(Heatmap_Year!G23>Thresholds!$F$6)*1+(Heatmap_Year!G40>Thresholds!$F$7)*1+(Heatmap_Year!G57<Thresholds!$F$8)*1+(Heatmap_Year!G74>Thresholds!$F$9)*1+(ABS(LN(Heatmap_Year!G91))>Thresholds!$F$10)*1+(ABS(LN(Heatmap_Year!G108))>Thresholds!$F$11)*1+(Heatmap_Year!G125<Thresholds!$F$12)*1+(Heatmap_Year!G142>Thresholds!$F$13)*1+(Heatmap_Year!G159>Thresholds!$F$14)*1+(Heatmap_Year!G176>Thresholds!$F$15)*1+(Heatmap_Year!G193>Thresholds!$F$16)*1+(Heatmap_Year!G210>Thresholds!$F$17)*1>0,"RED",IF((ABS(Heatmap_Year!G6)>Thresholds!$E$5)*1+(Heatmap_Year!G23>Thresholds!$E$6)*1+(Heatmap_Year!G40>Thresholds!$E$7)*1+(Heatmap_Year!G57<Thresholds!$E$8)*1+(Heatmap_Year!G74>Thresholds!$E$9)*1+(ABS(LN(Heatmap_Year!G91))>Thresholds!$E$10)*1+(ABS(LN(Heatmap_Year!G108))>Thresholds!$E$11)*1+(Heatmap_Year!G125<Thresholds!$E$12)*1+(Heatmap_Year!G142>Thresholds!$E$13)*1+(Heatmap_Year!G159>Thresholds!$E$14)*1+(Heatmap_Year!G176>Thresholds!$E$15)*1+(Heatmap_Year!G193>Thresholds!$E$16)*1+(Heatmap_Year!G210>Thresholds!$E$17)*1>0,"AMBER","GREEN")) -> GREEN | H5: =IF((ABS(Heatmap_Year!H6)>Thresholds!$F$5)*1+(Heatmap_Year!H23>Thresholds!$F$6)*1+(Heatmap_Year!H40>Thresholds!$F$7)*1+(Heatmap_Year!H57<Thresholds!$F$8)*1+(Heatmap_Year!H74>Thresholds!$F$9)*1+(ABS(LN(Heatmap_Year!H91))>Thresholds!$F$10)*1+(ABS(LN(Heatmap_Year!H108))>Thresholds!$F$11)*1+(Heatmap_Year!H125<Thresholds!$F$12)*1+(Heatmap_Year!H142>Thresholds!$F$13)*1+(Heatmap_Year!H159>Thresholds!$F$14)*1+(Heatmap_Year!H176>Thresholds!$F$15)*1+(Heatmap_Year!H193>Thresholds!$F$16)*1+(Heatmap_Year!H210>Thresholds!$F$17)*1>0,"RED",IF((ABS(Heatmap_Year!H6)>Thresholds!$E$5)*1+(Heatmap_Year!H23>Thresholds!$E$6)*1+(Heatmap_Year!H40>Thresholds!$E$7)*1+(Heatmap_Year!H57<Thresholds!$E$8)*1+(Heatmap_Year!H74>Thresholds!$E$9)*1+(ABS(LN(Heatmap_Year!H91))>Thresholds!$E$10)*1+(ABS(LN(Heatmap_Year!H108))>Thresholds!$E$11)*1+(Heatmap_Year!H125<Thresholds!$E$12)*1+(Heatmap_Year!H142>Thresholds!$E$13)*1+(Heatmap_Year!H159>Thresholds!$E$14)*1+(Heatmap_Year!H176>Thresholds!$E$15)*1+(Heatmap_Year!H193>Thresholds!$E$16)*1+(Heatmap_Year!H210>Thresholds!$E$17)*1>0,"AMBER","GREEN")) -> GREEN | I5: =IF((ABS(Heatmap_Year!I6)>Thresholds!$F$5)*1+(Heatmap_Year!I23>Thresholds!$F$6)*1+(Heatmap_Year!I40>Thresholds!$F$7)*1+(Heatmap_Year!I57<Thresholds!$F$8)*1+(Heatmap_Year!I74>Thresholds!$F$9)*1+(ABS(LN(Heatmap_Year!I91))>Thresholds!$F$10)*1+(ABS(LN(Heatmap_Year!I108))>Thresholds!$F$11)*1+(Heatmap_Year!I125<Thresholds!$F$12)*1+(Heatmap_Year!I142>Thresholds!$F$13)*1+(Heatmap_Year!I159>Thresholds!$F$14)*1+(Heatmap_Year!I176>Thresholds!$F$15)*1+(Heatmap_Year!I193>Thresholds!$F$16)*1+(Heatmap_Year!I210>Thresholds!$F$17)*1>0,"RED",IF((ABS(Heatmap_Year!I6)>Thresholds!$E$5)*1+(Heatmap_Year!I23>Thresholds!$E$6)*1+(Heatmap_Year!I40>Thresholds!$E$7)*1+(Heatmap_Year!I57<Thresholds!$E$8)*1+(Heatmap_Year!I74>Thresholds!$E$9)*1+(ABS(LN(Heatmap_Year!I91))>Thresholds!$E$10)*1+(ABS(LN(Heatmap_Year!I108))>Thresholds!$E$11)*1+(Heatmap_Year!I125<Thresholds!$E$12)*1+(Heatmap_Year!I142>Thresholds!$E$13)*1+(Heatmap_Year!I159>Thresholds!$E$14)*1+(Heatmap_Year!I176>Thresholds!$E$15)*1+(Heatmap_Year!I193>Thresholds!$E$16)*1+(Heatmap_Year!I210>Thresholds!$E$17)*1>0,"AMBER","GREEN")) -> RED | K5: 1D | L5: =IF(ABS(Heatmap_Year!B6)>Thresholds!$F$5,"Bias ","")&IF(Heatmap_Year!B23>Thresholds!$F$6,"MaxSpread ","")&IF(Heatmap_Year!B40>Thresholds!$F$7,"Outlier ","")&IF(Heatmap_Year!B57<Thresholds!$F$8,"Spearman ","")&IF(Heatmap_Year!B74>Thresholds!$F$9,"KS ","")&IF(ABS(LN(Heatmap_Year!B91))>Thresholds!$F$10,"Vol ","")&IF(ABS(LN(Heatmap_Year!B108))>Thresholds!$F$11,"Tail ","")&IF(Heatmap_Year!B125<Thresholds!$F$12,"Direction ","")&IF(Heatmap_Year!B142>Thresholds!$F$13,"Stale% ","")&IF(Heatmap_Year!B159>Thresholds!$F$14,"StaleRun ","")&IF(Heatmap_Year!B176>Thresholds!$F$15,"TrendGap ","")&IF(Heatmap_Year!B193>Thresholds!$F$16,"OppTrend ","")&IF(Heatmap_Year!B210>Thresholds!$F$17,"Shape ","") | M5: =IF(ABS(Heatmap_Year!C6)>Thresholds!$F$5,"Bias ","")&IF(Heatmap_Year!C23>Thresholds!$F$6,"MaxSpread ","")&IF(Heatmap_Year!C40>Thresholds!$F$7,"Outlier ","")&IF(Heatmap_Year!C57<Thresholds!$F$8,"Spearman ","")&IF(Heatmap_Year!C74>Thresholds!$F$9,"KS ","")&IF(ABS(LN(Heatmap_Year!C91))>Thresholds!$F$10,"Vol ","")&IF(ABS(LN(Heatmap_Year!C108))>Thresholds!$F$11,"Tail ","")&IF(Heatmap_Year!C125<Thresholds!$F$12,"Direction ","")&IF(Heatmap_Year!C142>Thresholds!$F$13,"Stale% ","")&IF(Heatmap_Year!C159>Thresholds!$F$14,"StaleRun ","")&IF(Heatmap_Year!C176>Thresholds!$F$15,"TrendGap ","")&IF(Heatmap_Year!C193>Thresholds!$F$16,"OppTrend ","")&IF(Heatmap_Year!C210>Thresholds!$F$17,"Shape ","") -> MaxSpread Outlier Spearman KS Direction Stale% StaleRun TrendGap OppTrend Shape | N5: =IF(ABS(Heatmap_Year!D6)>Thresholds!$F$5,"Bias ","")&IF(Heatmap_Year!D23>Thresholds!$F$6,"MaxSpread ","")&IF(Heatmap_Year!D40>Thresholds!$F$7,"Outlier ","")&IF(Heatmap_Year!D57<Thresholds!$F$8,"Spearman ","")&IF(Heatmap_Year!D74>Thresholds!$F$9,"KS ","")&IF(ABS(LN(Heatmap_Year!D91))>Thresholds!$F$10,"Vol ","")&IF(ABS(LN(Heatmap_Year!D108))>Thresholds!$F$11,"Tail ","")&IF(Heatmap_Year!D125<Thresholds!$F$12,"Direction ","")&IF(Heatmap_Year!D142>Thresholds!$F$13,"Stale% ","")&IF(Heatmap_Year!D159>Thresholds!$F$14,"StaleRun ","")&IF(Heatmap_Year!D176>Thresholds!$F$15,"TrendGap ","")&IF(Heatmap_Year!D193>Thresholds!$F$16,"OppTrend ","")&IF(Heatmap_Year!D210>Thresholds!$F$17,"Shape ","") | O5: =IF(ABS(Heatmap_Year!E6)>Thresholds!$F$5,"Bias ","")&IF(Heatmap_Year!E23>Thresholds!$F$6,"MaxSpread ","")&IF(Heatmap_Year!E40>Thresholds!$F$7,"Outlier ","")&IF(Heatmap_Year!E57<Thresholds!$F$8,"Spearman ","")&IF(Heatmap_Year!E74>Thresholds!$F$9,"KS ","")&IF(ABS(LN(Heatmap_Year!E91))>Thresholds!$F$10,"Vol ","")&IF(ABS(LN(Heatmap_Year!E108))>Thresholds!$F$11,"Tail ","")&IF(Heatmap_Year!E125<Thresholds!$F$12,"Direction ","")&IF(Heatmap_Year!E142>Thresholds!$F$13,"Stale% ","")&IF(Heatmap_Year!E159>Thresholds!$F$14,"StaleRun ","")&IF(Heatmap_Year!E176>Thresholds!$F$15,"TrendGap ","")&IF(Heatmap_Year!E193>Thresholds!$F$16,"OppTrend ","")&IF(Heatmap_Year!E210>Thresholds!$F$17,"Shape ","") | P5: =IF(ABS(Heatmap_Year!F6)>Thresholds!$F$5,"Bias ","")&IF(Heatmap_Year!F23>Thresholds!$F$6,"MaxSpread ","")&IF(Heatmap_Year!F40>Thresholds!$F$7,"Outlier ","")&IF(Heatmap_Year!F57<Thresholds!$F$8,"Spearman ","")&IF(Heatmap_Year!F74>Thresholds!$F$9,"KS ","")&IF(ABS(LN(Heatmap_Year!F91))>Thresholds!$F$10,"Vol ","")&IF(ABS(LN(Heatmap_Year!F108))>Thresholds!$F$11,"Tail ","")&IF(Heatmap_Year!F125<Thresholds!$F$12,"Direction ","")&IF(Heatmap_Year!F142>Thresholds!$F$13,"Stale% ","")&IF(Heatmap_Year!F159>Thresholds!$F$14,"StaleRun ","")&IF(Heatmap_Year!F176>Thresholds!$F$15,"TrendGap ","")&IF(Heatmap_Year!F193>Thresholds!$F$16,"OppTrend ","")&IF(Heatmap_Year!F210>Thresholds!$F$17,"Shape ","") | Q5: =IF(ABS(Heatmap_Year!G6)>Thresholds!$F$5,"Bias ","")&IF(Heatmap_Year!G23>Thresholds!$F$6,"MaxSpread ","")&IF(Heatmap_Year!G40>Thresholds!$F$7,"Outlier ","")&IF(Heatmap_Year!G57<Thresholds!$F$8,"Spearman ","")&IF(Heatmap_Year!G74>Thresholds!$F$9,"KS ","")&IF(ABS(LN(Heatmap_Year!G91))>Thresholds!$F$10,"Vol ","")&IF(ABS(LN(Heatmap_Year!G108))>Thresholds!$F$11,"Tail ","")&IF(Heatmap_Year!G125<Thresholds!$F$12,"Direction ","")&IF(Heatmap_Year!G142>Thresholds!$F$13,"Stale% ","")&IF(Heatmap_Year!G159>Thresholds!$F$14,"StaleRun ","")&IF(Heatmap_Year!G176>Thresholds!$F$15,"TrendGap ","")&IF(Heatmap_Year!G193>Thresholds!$F$16,"OppTrend ","")&IF(Heatmap_Year!G210>Thresholds!$F$17,"Shape ","") | R5: =IF(ABS(Heatmap_Year!H6)>Thresholds!$F$5,"Bias ","")&IF(Heatmap_Year!H23>Thresholds!$F$6,"MaxSpread ","")&IF(Heatmap_Year!H40>Thresholds!$F$7,"Outlier ","")&IF(Heatmap_Year!H57<Thresholds!$F$8,"Spearman ","")&IF(Heatmap_Year!H74>Thresholds!$F$9,"KS ","")&IF(ABS(LN(Heatmap_Year!H91))>Thresholds!$F$10,"Vol ","")&IF(ABS(LN(Heatmap_Year!H108))>Thresholds!$F$11,"Tail ","")&IF(Heatmap_Year!H125<Thresholds!$F$12,"Direction ","")&IF(Heatmap_Year!H142>Thresholds!$F$13,"Stale% ","")&IF(Heatmap_Year!H159>Thresholds!$F$14,"StaleRun ","")&IF(Heatmap_Year!H176>Thresholds!$F$15,"TrendGap ","")&IF(Heatmap_Year!H193>Thresholds!$F$16,"OppTrend ","")&IF(Heatmap_Year!H210>Thresholds!$F$17,"Shape ","") | S5: =IF(ABS(Heatmap_Year!I6)>Thresholds!$F$5,"Bias ","")&IF(Heatmap_Year!I23>Thresholds!$F$6,"MaxSpread ","")&IF(Heatmap_Year!I40>Thresholds!$F$7,"Outlier ","")&IF(Heatmap_Year!I57<Thresholds!$F$8,"Spearman ","")&IF(Heatmap_Year!I74>Thresholds!$F$9,"KS ","")&IF(ABS(LN(Heatmap_Year!I91))>Thresholds!$F$10,"Vol ","")&IF(ABS(LN(Heatmap_Year!I108))>Thresholds!$F$11,"Tail ","")&IF(Heatmap_Year!I125<Thresholds!$F$12,"Direction ","")&IF(Heatmap_Year!I142>Thresholds!$F$13,"Stale% ","")&IF(Heatmap_Year!I159>Thresholds!$F$14,"StaleRun ","")&IF(Heatmap_Year!I176>Thresholds!$F$15,"TrendGap ","")&IF(Heatmap_Year!I193>Thresholds!$F$16,"OppTrend ","")&IF(Heatmap_Year!I210>Thresholds!$F$17,"Shape ","") -> MaxSpread Outlier StaleRun TrendGap OppTrend Shape
A6: 1W | B6: =IF((ABS(Heatmap_Year!B7)>Thresholds!$F$5)*1+(Heatmap_Year!B24>Thresholds!$F$6)*1+(Heatmap_Year!B41>Thresholds!$F$7)*1+(Heatmap_Year!B58<Thresholds!$F$8)*1+(Heatmap_Year!B75>Thresholds!$F$9)*1+(ABS(LN(Heatmap_Year!B92))>Thresholds!$F$10)*1+(ABS(LN(Heatmap_Year!B109))>Thresholds!$F$11)*1+(Heatmap_Year!B126<Thresholds!$F$12)*1+(Heatmap_Year!B143>Thresholds!$F$13)*1+(Heatmap_Year!B160>Thresholds!$F$14)*1+(Heatmap_Year!B177>Thresholds!$F$15)*1+(Heatmap_Year!B194>Thresholds!$F$16)*1+(Heatmap_Year!B211>Thresholds!$F$17)*1>0,"RED",IF((ABS(Heatmap_Year!B7)>Thresholds!$E$5)*1+(Heatmap_Year!B24>Thresholds!$E$6)*1+(Heatmap_Year!B41>Thresholds!$E$7)*1+(Heatmap_Year!B58<Thresholds!$E$8)*1+(Heatmap_Year!B75>Thresholds!$E$9)*1+(ABS(LN(Heatmap_Year!B92))>Thresholds!$E$10)*1+(ABS(LN(Heatmap_Year!B109))>Thresholds!$E$11)*1+(Heatmap_Year!B126<Thresholds!$E$12)*1+(Heatmap_Year!B143>Thresholds!$E$13)*1+(Heatmap_Year!B160>Thresholds!$E$14)*1+(Heatmap_Year!B177>Thresholds!$E$15)*1+(Heatmap_Year!B194>Thresholds!$E$16)*1+(Heatmap_Year!B211>Thresholds!$E$17)*1>0,"AMBER","GREEN")) -> GREEN | C6: =IF((ABS(Heatmap_Year!C7)>Thresholds!$F$5)*1+(Heatmap_Year!C24>Thresholds!$F$6)*1+(Heatmap_Year!C41>Thresholds!$F$7)*1+(Heatmap_Year!C58<Thresholds!$F$8)*1+(Heatmap_Year!C75>Thresholds!$F$9)*1+(ABS(LN(Heatmap_Year!C92))>Thresholds!$F$10)*1+(ABS(LN(Heatmap_Year!C109))>Thresholds!$F$11)*1+(Heatmap_Year!C126<Thresholds!$F$12)*1+(Heatmap_Year!C143>Thresholds!$F$13)*1+(Heatmap_Year!C160>Thresholds!$F$14)*1+(Heatmap_Year!C177>Thresholds!$F$15)*1+(Heatmap_Year!C194>Thresholds!$F$16)*1+(Heatmap_Year!C211>Thresholds!$F$17)*1>0,"RED",IF((ABS(Heatmap_Year!C7)>Thresholds!$E$5)*1+(Heatmap_Year!C24>Thresholds!$E$6)*1+(Heatmap_Year!C41>Thresholds!$E$7)*1+(Heatmap_Year!C58<Thresholds!$E$8)*1+(Heatmap_Year!C75>Thresholds!$E$9)*1+(ABS(LN(Heatmap_Year!C92))>Thresholds!$E$10)*1+(ABS(LN(Heatmap_Year!C109))>Thresholds!$E$11)*1+(Heatmap_Year!C126<Thresholds!$E$12)*1+(Heatmap_Year!C143>Thresholds!$E$13)*1+(Heatmap_Year!C160>Thresholds!$E$14)*1+(Heatmap_Year!C177>Thresholds!$E$15)*1+(Heatmap_Year!C194>Thresholds!$E$16)*1+(Heatmap_Year!C211>Thresholds!$E$17)*1>0,"AMBER","GREEN")) -> GREEN | D6: =IF((ABS(Heatmap_Year!D7)>Thresholds!$F$5)*1+(Heatmap_Year!D24>Thresholds!$F$6)*1+(Heatmap_Year!D41>Thresholds!$F$7)*1+(Heatmap_Year!D58<Thresholds!$F$8)*1+(Heatmap_Year!D75>Thresholds!$F$9)*1+(ABS(LN(Heatmap_Year!D92))>Thresholds!$F$10)*1+(ABS(LN(Heatmap_Year!D109))>Thresholds!$F$11)*1+(Heatmap_Year!D126<Thresholds!$F$12)*1+(Heatmap_Year!D143>Thresholds!$F$13)*1+(Heatmap_Year!D160>Thresholds!$F$14)*1+(Heatmap_Year!D177>Thresholds!$F$15)*1+(Heatmap_Year!D194>Thresholds!$F$16)*1+(Heatmap_Year!D211>Thresholds!$F$17)*1>0,"RED",IF((ABS(Heatmap_Year!D7)>Thresholds!$E$5)*1+(Heatmap_Year!D24>Thresholds!$E$6)*1+(Heatmap_Year!D41>Thresholds!$E$7)*1+(Heatmap_Year!D58<Thresholds!$E$8)*1+(Heatmap_Year!D75>Thresholds!$E$9)*1+(ABS(LN(Heatmap_Year!D92))>Thresholds!$E$10)*1+(ABS(LN(Heatmap_Year!D109))>Thresholds!$E$11)*1+(Heatmap_Year!D126<Thresholds!$E$12)*1+(Heatmap_Year!D143>Thresholds!$E$13)*1+(Heatmap_Year!D160>Thresholds!$E$14)*1+(Heatmap_Year!D177>Thresholds!$E$15)*1+(Heatmap_Year!D194>Thresholds!$E$16)*1+(Heatmap_Year!D211>Thresholds!$E$17)*1>0,"AMBER","GREEN")) -> GREEN | E6: =IF((ABS(Heatmap_Year!E7)>Thresholds!$F$5)*1+(Heatmap_Year!E24>Thresholds!$F$6)*1+(Heatmap_Year!E41>Thresholds!$F$7)*1+(Heatmap_Year!E58<Thresholds!$F$8)*1+(Heatmap_Year!E75>Thresholds!$F$9)*1+(ABS(LN(Heatmap_Year!E92))>Thresholds!$F$10)*1+(ABS(LN(Heatmap_Year!E109))>Thresholds!$F$11)*1+(Heatmap_Year!E126<Thresholds!$F$12)*1+(Heatmap_Year!E143>Thresholds!$F$13)*1+(Heatmap_Year!E160>Thresholds!$F$14)*1+(Heatmap_Year!E177>Thresholds!$F$15)*1+(Heatmap_Year!E194>Thresholds!$F$16)*1+(Heatmap_Year!E211>Thresholds!$F$17)*1>0,"RED",IF((ABS(Heatmap_Year!E7)>Thresholds!$E$5)*1+(Heatmap_Year!E24>Thresholds!$E$6)*1+(Heatmap_Year!E41>Thresholds!$E$7)*1+(Heatmap_Year!E58<Thresholds!$E$8)*1+(Heatmap_Year!E75>Thresholds!$E$9)*1+(ABS(LN(Heatmap_Year!E92))>Thresholds!$E$10)*1+(ABS(LN(Heatmap_Year!E109))>Thresholds!$E$11)*1+(Heatmap_Year!E126<Thresholds!$E$12)*1+(Heatmap_Year!E143>Thresholds!$E$13)*1+(Heatmap_Year!E160>Thresholds!$E$14)*1+(Heatmap_Year!E177>Thresholds!$E$15)*1+(Heatmap_Year!E194>Thresholds!$E$16)*1+(Heatmap_Year!E211>Thresholds!$E$17)*1>0,"AMBER","GREEN")) -> GREEN | F6: =IF((ABS(Heatmap_Year!F7)>Thresholds!$F$5)*1+(Heatmap_Year!F24>Thresholds!$F$6)*1+(Heatmap_Year!F41>Thresholds!$F$7)*1+(Heatmap_Year!F58<Thresholds!$F$8)*1+(Heatmap_Year!F75>Thresholds!$F$9)*1+(ABS(LN(Heatmap_Year!F92))>Thresholds!$F$10)*1+(ABS(LN(Heatmap_Year!F109))>Thresholds!$F$11)*1+(Heatmap_Year!F126<Thresholds!$F$12)*1+(Heatmap_Year!F143>Thresholds!$F$13)*1+(Heatmap_Year!F160>Thresholds!$F$14)*1+(Heatmap_Year!F177>Thresholds!$F$15)*1+(Heatmap_Year!F194>Thresholds!$F$16)*1+(Heatmap_Year!F211>Thresholds!$F$17)*1>0,"RED",IF((ABS(Heatmap_Year!F7)>Thresholds!$E$5)*1+(Heatmap_Year!F24>Thresholds!$E$6)*1+(Heatmap_Year!F41>Thresholds!$E$7)*1+(Heatmap_Year!F58<Thresholds!$E$8)*1+(Heatmap_Year!F75>Thresholds!$E$9)*1+(ABS(LN(Heatmap_Year!F92))>Thresholds!$E$10)*1+(ABS(LN(Heatmap_Year!F109))>Thresholds!$E$11)*1+(Heatmap_Year!F126<Thresholds!$E$12)*1+(Heatmap_Year!F143>Thresholds!$E$13)*1+(Heatmap_Year!F160>Thresholds!$E$14)*1+(Heatmap_Year!F177>Thresholds!$E$15)*1+(Heatmap_Year!F194>Thresholds!$E$16)*1+(Heatmap_Year!F211>Thresholds!$E$17)*1>0,"AMBER","GREEN")) -> GREEN | G6: =IF((ABS(Heatmap_Year!G7)>Thresholds!$F$5)*1+(Heatmap_Year!G24>Thresholds!$F$6)*1+(Heatmap_Year!G41>Thresholds!$F$7)*1+(Heatmap_Year!G58<Thresholds!$F$8)*1+(Heatmap_Year!G75>Thresholds!$F$9)*1+(ABS(LN(Heatmap_Year!G92))>Thresholds!$F$10)*1+(ABS(LN(Heatmap_Year!G109))>Thresholds!$F$11)*1+(Heatmap_Year!G126<Thresholds!$F$12)*1+(Heatmap_Year!G143>Thresholds!$F$13)*1+(Heatmap_Year!G160>Thresholds!$F$14)*1+(Heatmap_Year!G177>Thresholds!$F$15)*1+(Heatmap_Year!G194>Thresholds!$F$16)*1+(Heatmap_Year!G211>Thresholds!$F$17)*1>0,"RED",IF((ABS(Heatmap_Year!G7)>Thresholds!$E$5)*1+(Heatmap_Year!G24>Thresholds!$E$6)*1+(Heatmap_Year!G41>Thresholds!$E$7)*1+(Heatmap_Year!G58<Thresholds!$E$8)*1+(Heatmap_Year!G75>Thresholds!$E$9)*1+(ABS(LN(Heatmap_Year!G92))>Thresholds!$E$10)*1+(ABS(LN(Heatmap_Year!G109))>Thresholds!$E$11)*1+(Heatmap_Year!G126<Thresholds!$E$12)*1+(Heatmap_Year!G143>Thresholds!$E$13)*1+(Heatmap_Year!G160>Thresholds!$E$14)*1+(Heatmap_Year!G177>Thresholds!$E$15)*1+(Heatmap_Year!G194>Thresholds!$E$16)*1+(Heatmap_Year!G211>Thresholds!$E$17)*1>0,"AMBER","GREEN")) -> GREEN | H6: =IF((ABS(Heatmap_Year!H7)>Thresholds!$F$5)*1+(Heatmap_Year!H24>Thresholds!$F$6)*1+(Heatmap_Year!H41>Thresholds!$F$7)*1+(Heatmap_Year!H58<Thresholds!$F$8)*1+(Heatmap_Year!H75>Thresholds!$F$9)*1+(ABS(LN(Heatmap_Year!H92))>Thresholds!$F$10)*1+(ABS(LN(Heatmap_Year!H109))>Thresholds!$F$11)*1+(Heatmap_Year!H126<Thresholds!$F$12)*1+(Heatmap_Year!H143>Thresholds!$F$13)*1+(Heatmap_Year!H160>Thresholds!$F$14)*1+(Heatmap_Year!H177>Thresholds!$F$15)*1+(Heatmap_Year!H194>Thresholds!$F$16)*1+(Heatmap_Year!H211>Thresholds!$F$17)*1>0,"RED",IF((ABS(Heatmap_Year!H7)>Thresholds!$E$5)*1+(Heatmap_Year!H24>Thresholds!$E$6)*1+(Heatmap_Year!H41>Thresholds!$E$7)*1+(Heatmap_Year!H58<Thresholds!$E$8)*1+(Heatmap_Year!H75>Thresholds!$E$9)*1+(ABS(LN(Heatmap_Year!H92))>Thresholds!$E$10)*1+(ABS(LN(Heatmap_Year!H109))>Thresholds!$E$11)*1+(Heatmap_Year!H126<Thresholds!$E$12)*1+(Heatmap_Year!H143>Thresholds!$E$13)*1+(Heatmap_Year!H160>Thresholds!$E$14)*1+(Heatmap_Year!H177>Thresholds!$E$15)*1+(Heatmap_Year!H194>Thresholds!$E$16)*1+(Heatmap_Year!H211>Thresholds!$E$17)*1>0,"AMBER","GREEN")) -> GREEN | I6: =IF((ABS(Heatmap_Year!I7)>Thresholds!$F$5)*1+(Heatmap_Year!I24>Thresholds!$F$6)*1+(Heatmap_Year!I41>Thresholds!$F$7)*1+(Heatmap_Year!I58<Thresholds!$F$8)*1+(Heatmap_Year!I75>Thresholds!$F$9)*1+(ABS(LN(Heatmap_Year!I92))>Thresholds!$F$10)*1+(ABS(LN(Heatmap_Year!I109))>Thresholds!$F$11)*1+(Heatmap_Year!I126<Thresholds!$F$12)*1+(Heatmap_Year!I143>Thresholds!$F$13)*1+(Heatmap_Year!I160>Thresholds!$F$14)*1+(Heatmap_Year!I177>Thresholds!$F$15)*1+(Heatmap_Year!I194>Thresholds!$F$16)*1+(Heatmap_Year!I211>Thresholds!$F$17)*1>0,"RED",IF((ABS(Heatmap_Year!I7)>Thresholds!$E$5)*1+(Heatmap_Year!I24>Thresholds!$E$6)*1+(Heatmap_Year!I41>Thresholds!$E$7)*1+(Heatmap_Year!I58<Thresholds!$E$8)*1+(Heatmap_Year!I75>Thresholds!$E$9)*1+(ABS(LN(Heatmap_Year!I92))>Thresholds!$E$10)*1+(ABS(LN(Heatmap_Year!I109))>Thresholds!$E$11)*1+(Heatmap_Year!I126<Thresholds!$E$12)*1+(Heatmap_Year!I143>Thresholds!$E$13)*1+(Heatmap_Year!I160>Thresholds!$E$14)*1+(Heatmap_Year!I177>Thresholds!$E$15)*1+(Heatmap_Year!I194>Thresholds!$E$16)*1+(Heatmap_Year!I211>Thresholds!$E$17)*1>0,"AMBER","GREEN")) -> GREEN | K6: 1W | L6: =IF(ABS(Heatmap_Year!B7)>Thresholds!$F$5,"Bias ","")&IF(Heatmap_Year!B24>Thresholds!$F$6,"MaxSpread ","")&IF(Heatmap_Year!B41>Thresholds!$F$7,"Outlier ","")&IF(Heatmap_Year!B58<Thresholds!$F$8,"Spearman ","")&IF(Heatmap_Year!B75>Thresholds!$F$9,"KS ","")&IF(ABS(LN(Heatmap_Year!B92))>Thresholds!$F$10,"Vol ","")&IF(ABS(LN(Heatmap_Year!B109))>Thresholds!$F$11,"Tail ","")&IF(Heatmap_Year!B126<Thresholds!$F$12,"Direction ","")&IF(Heatmap_Year!B143>Thresholds!$F$13,"Stale% ","")&IF(Heatmap_Year!B160>Thresholds!$F$14,"StaleRun ","")&IF(Heatmap_Year!B177>Thresholds!$F$15,"TrendGap ","")&IF(Heatmap_Year!B194>Thresholds!$F$16,"OppTrend ","")&IF(Heatmap_Year!B211>Thresholds!$F$17,"Shape ","") | M6: =IF(ABS(Heatmap_Year!C7)>Thresholds!$F$5,"Bias ","")&IF(Heatmap_Year!C24>Thresholds!$F$6,"MaxSpread ","")&IF(Heatmap_Year!C41>Thresholds!$F$7,"Outlier ","")&IF(Heatmap_Year!C58<Thresholds!$F$8,"Spearman ","")&IF(Heatmap_Year!C75>Thresholds!$F$9,"KS ","")&IF(ABS(LN(Heatmap_Year!C92))>Thresholds!$F$10,"Vol ","")&IF(ABS(LN(Heatmap_Year!C109))>Thresholds!$F$11,"Tail ","")&IF(Heatmap_Year!C126<Thresholds!$F$12,"Direction ","")&IF(Heatmap_Year!C143>Thresholds!$F$13,"Stale% ","")&IF(Heatmap_Year!C160>Thresholds!$F$14,"StaleRun ","")&IF(Heatmap_Year!C177>Thresholds!$F$15,"TrendGap ","")&IF(Heatmap_Year!C194>Thresholds!$F$16,"OppTrend ","")&IF(Heatmap_Year!C211>Thresholds!$F$17,"Shape ","") | N6: =IF(ABS(Heatmap_Year!D7)>Thresholds!$F$5,"Bias ","")&IF(Heatmap_Year!D24>Thresholds!$F$6,"MaxSpread ","")&IF(Heatmap_Year!D41>Thresholds!$F$7,"Outlier ","")&IF(Heatmap_Year!D58<Thresholds!$F$8,"Spearman ","")&IF(Heatmap_Year!D75>Thresholds!$F$9,"KS ","")&IF(ABS(LN(Heatmap_Year!D92))>Thresholds!$F$10,"Vol ","")&IF(ABS(LN(Heatmap_Year!D109))>Thresholds!$F$11,"Tail ","")&IF(Heatmap_Year!D126<Thresholds!$F$12,"Direction ","")&IF(Heatmap_Year!D143>Thresholds!$F$13,"Stale% ","")&IF(Heatmap_Year!D160>Thresholds!$F$14,"StaleRun ","")&IF(Heatmap_Year!D177>Thresholds!$F$15,"TrendGap ","")&IF(Heatmap_Year!D194>Thresholds!$F$16,"OppTrend ","")&IF(Heatmap_Year!D211>Thresholds!$F$17,"Shape ","") | O6: =IF(ABS(Heatmap_Year!E7)>Thresholds!$F$5,"Bias ","")&IF(Heatmap_Year!E24>Thresholds!$F$6,"MaxSpread ","")&IF(Heatmap_Year!E41>Thresholds!$F$7,"Outlier ","")&IF(Heatmap_Year!E58<Thresholds!$F$8,"Spearman ","")&IF(Heatmap_Year!E75>Thresholds!$F$9,"KS ","")&IF(ABS(LN(Heatmap_Year!E92))>Thresholds!$F$10,"Vol ","")&IF(ABS(LN(Heatmap_Year!E109))>Thresholds!$F$11,"Tail ","")&IF(Heatmap_Year!E126<Thresholds!$F$12,"Direction ","")&IF(Heatmap_Year!E143>Thresholds!$F$13,"Stale% ","")&IF(Heatmap_Year!E160>Thresholds!$F$14,"StaleRun ","")&IF(Heatmap_Year!E177>Thresholds!$F$15,"TrendGap ","")&IF(Heatmap_Year!E194>Thresholds!$F$16,"OppTrend ","")&IF(Heatmap_Year!E211>Thresholds!$F$17,"Shape ","") | P6: =IF(ABS(Heatmap_Year!F7)>Thresholds!$F$5,"Bias ","")&IF(Heatmap_Year!F24>Thresholds!$F$6,"MaxSpread ","")&IF(Heatmap_Year!F41>Thresholds!$F$7,"Outlier ","")&IF(Heatmap_Year!F58<Thresholds!$F$8,"Spearman ","")&IF(Heatmap_Year!F75>Thresholds!$F$9,"KS ","")&IF(ABS(LN(Heatmap_Year!F92))>Thresholds!$F$10,"Vol ","")&IF(ABS(LN(Heatmap_Year!F109))>Thresholds!$F$11,"Tail ","")&IF(Heatmap_Year!F126<Thresholds!$F$12,"Direction ","")&IF(Heatmap_Year!F143>Thresholds!$F$13,"Stale% ","")&IF(Heatmap_Year!F160>Thresholds!$F$14,"StaleRun ","")&IF(Heatmap_Year!F177>Thresholds!$F$15,"TrendGap ","")&IF(Heatmap_Year!F194>Thresholds!$F$16,"OppTrend ","")&IF(Heatmap_Year!F211>Thresholds!$F$17,"Shape ","") | Q6: =IF(ABS(Heatmap_Year!G7)>Thresholds!$F$5,"Bias ","")&IF(Heatmap_Year!G24>Thresholds!$F$6,"MaxSpread ","")&IF(Heatmap_Year!G41>Thresholds!$F$7,"Outlier ","")&IF(Heatmap_Year!G58<Thresholds!$F$8,"Spearman ","")&IF(Heatmap_Year!G75>Thresholds!$F$9,"KS ","")&IF(ABS(LN(Heatmap_Year!G92))>Thresholds!$F$10,"Vol ","")&IF(ABS(LN(Heatmap_Year!G109))>Thresholds!$F$11,"Tail ","")&IF(Heatmap_Year!G126<Thresholds!$F$12,"Direction ","")&IF(Heatmap_Year!G143>Thresholds!$F$13,"Stale% ","")&IF(Heatmap_Year!G160>Thresholds!$F$14,"StaleRun ","")&IF(Heatmap_Year!G177>Thresholds!$F$15,"TrendGap ","")&IF(Heatmap_Year!G194>Thresholds!$F$16,"OppTrend ","")&IF(Heatmap_Year!G211>Thresholds!$F$17,"Shape ","") | R6: =IF(ABS(Heatmap_Year!H7)>Thresholds!$F$5,"Bias ","")&IF(Heatmap_Year!H24>Thresholds!$F$6,"MaxSpread ","")&IF(Heatmap_Year!H41>Thresholds!$F$7,"Outlier ","")&IF(Heatmap_Year!H58<Thresholds!$F$8,"Spearman ","")&IF(Heatmap_Year!H75>Thresholds!$F$9,"KS ","")&IF(ABS(LN(Heatmap_Year!H92))>Thresholds!$F$10,"Vol ","")&IF(ABS(LN(Heatmap_Year!H109))>Thresholds!$F$11,"Tail ","")&IF(Heatmap_Year!H126<Thresholds!$F$12,"Direction ","")&IF(Heatmap_Year!H143>Thresholds!$F$13,"Stale% ","")&IF(Heatmap_Year!H160>Thresholds!$F$14,"StaleRun ","")&IF(Heatmap_Year!H177>Thresholds!$F$15,"TrendGap ","")&IF(Heatmap_Year!H194>Thresholds!$F$16,"OppTrend ","")&IF(Heatmap_Year!H211>Thresholds!$F$17,"Shape ","") | S6: =IF(ABS(Heatmap_Year!I7)>Thresholds!$F$5,"Bias ","")&IF(Heatmap_Year!I24>Thresholds!$F$6,"MaxSpread ","")&IF(Heatmap_Year!I41>Thresholds!$F$7,"Outlier ","")&IF(Heatmap_Year!I58<Thresholds!$F$8,"Spearman ","")&IF(Heatmap_Year!I75>Thresholds!$F$9,"KS ","")&IF(ABS(LN(Heatmap_Year!I92))>Thresholds!$F$10,"Vol ","")&IF(ABS(LN(Heatmap_Year!I109))>Thresholds!$F$11,"Tail ","")&IF(Heatmap_Year!I126<Thresholds!$F$12,"Direction ","")&IF(Heatmap_Year!I143>Thresholds!$F$13,"Stale% ","")&IF(Heatmap_Year!I160>Thresholds!$F$14,"StaleRun ","")&IF(Heatmap_Year!I177>Thresholds!$F$15,"TrendGap ","")&IF(Heatmap_Year!I194>Thresholds!$F$16,"OppTrend ","")&IF(Heatmap_Year!I211>Thresholds!$F$17,"Shape ","")
A7: 2W | B7: =IF((ABS(Heatmap_Year!B8)>Thresholds!$F$5)*1+(Heatmap_Year!B25>Thresholds!$F$6)*1+(Heatmap_Year!B42>Thresholds!$F$7)*1+(Heatmap_Year!B59<Thresholds!$F$8)*1+(Heatmap_Year!B76>Thresholds!$F$9)*1+(ABS(LN(Heatmap_Year!B93))>Thresholds!$F$10)*1+(ABS(LN(Heatmap_Year!B110))>Thresholds!$F$11)*1+(Heatmap_Year!B127<Thresholds!$F$12)*1+(Heatmap_Year!B144>Thresholds!$F$13)*1+(Heatmap_Year!B161>Thresholds!$F$14)*1+(Heatmap_Year!B178>Thresholds!$F$15)*1+(Heatmap_Year!B195>Thresholds!$F$16)*1+(Heatmap_Year!B212>Thresholds!$F$17)*1>0,"RED",IF((ABS(Heatmap_Year!B8)>Thresholds!$E$5)*1+(Heatmap_Year!B25>Thresholds!$E$6)*1+(Heatmap_Year!B42>Thresholds!$E$7)*1+(Heatmap_Year!B59<Thresholds!$E$8)*1+(Heatmap_Year!B76>Thresholds!$E$9)*1+(ABS(LN(Heatmap_Year!B93))>Thresholds!$E$10)*1+(ABS(LN(Heatmap_Year!B110))>Thresholds!$E$11)*1+(Heatmap_Year!B127<Thresholds!$E$12)*1+(Heatmap_Year!B144>Thresholds!$E$13)*1+(Heatmap_Year!B161>Thresholds!$E$14)*1+(Heatmap_Year!B178>Thresholds!$E$15)*1+(Heatmap_Year!B195>Thresholds!$E$16)*1+(Heatmap_Year!B212>Thresholds!$E$17)*1>0,"AMBER","GREEN")) -> GREEN | C7: =IF((ABS(Heatmap_Year!C8)>Thresholds!$F$5)*1+(Heatmap_Year!C25>Thresholds!$F$6)*1+(Heatmap_Year!C42>Thresholds!$F$7)*1+(Heatmap_Year!C59<Thresholds!$F$8)*1+(Heatmap_Year!C76>Thresholds!$F$9)*1+(ABS(LN(Heatmap_Year!C93))>Thresholds!$F$10)*1+(ABS(LN(Heatmap_Year!C110))>Thresholds!$F$11)*1+(Heatmap_Year!C127<Thresholds!$F$12)*1+(Heatmap_Year!C144>Thresholds!$F$13)*1+(Heatmap_Year!C161>Thresholds!$F$14)*1+(Heatmap_Year!C178>Thresholds!$F$15)*1+(Heatmap_Year!C195>Thresholds!$F$16)*1+(Heatmap_Year!C212>Thresholds!$F$17)*1>0,"RED",IF((ABS(Heatmap_Year!C8)>Thresholds!$E$5)*1+(Heatmap_Year!C25>Thresholds!$E$6)*1+(Heatmap_Year!C42>Thresholds!$E$7)*1+(Heatmap_Year!C59<Thresholds!$E$8)*1+(Heatmap_Year!C76>Thresholds!$E$9)*1+(ABS(LN(Heatmap_Year!C93))>Thresholds!$E$10)*1+(ABS(LN(Heatmap_Year!C110))>Thresholds!$E$11)*1+(Heatmap_Year!C127<Thresholds!$E$12)*1+(Heatmap_Year!C144>Thresholds!$E$13)*1+(Heatmap_Year!C161>Thresholds!$E$14)*1+(Heatmap_Year!C178>Thresholds!$E$15)*1+(Heatmap_Year!C195>Thresholds!$E$16)*1+(Heatmap_Year!C212>Thresholds!$E$17)*1>0,"AMBER","GREEN")) -> GREEN | D7: =IF((ABS(Heatmap_Year!D8)>Thresholds!$F$5)*1+(Heatmap_Year!D25>Thresholds!$F$6)*1+(Heatmap_Year!D42>Thresholds!$F$7)*1+(Heatmap_Year!D59<Thresholds!$F$8)*1+(Heatmap_Year!D76>Thresholds!$F$9)*1+(ABS(LN(Heatmap_Year!D93))>Thresholds!$F$10)*1+(ABS(LN(Heatmap_Year!D110))>Thresholds!$F$11)*1+(Heatmap_Year!D127<Thresholds!$F$12)*1+(Heatmap_Year!D144>Thresholds!$F$13)*1+(Heatmap_Year!D161>Thresholds!$F$14)*1+(Heatmap_Year!D178>Thresholds!$F$15)*1+(Heatmap_Year!D195>Thresholds!$F$16)*1+(Heatmap_Year!D212>Thresholds!$F$17)*1>0,"RED",IF((ABS(Heatmap_Year!D8)>Thresholds!$E$5)*1+(Heatmap_Year!D25>Thresholds!$E$6)*1+(Heatmap_Year!D42>Thresholds!$E$7)*1+(Heatmap_Year!D59<Thresholds!$E$8)*1+(Heatmap_Year!D76>Thresholds!$E$9)*1+(ABS(LN(Heatmap_Year!D93))>Thresholds!$E$10)*1+(ABS(LN(Heatmap_Year!D110))>Thresholds!$E$11)*1+(Heatmap_Year!D127<Thresholds!$E$12)*1+(Heatmap_Year!D144>Thresholds!$E$13)*1+(Heatmap_Year!D161>Thresholds!$E$14)*1+(Heatmap_Year!D178>Thresholds!$E$15)*1+(Heatmap_Year!D195>Thresholds!$E$16)*1+(Heatmap_Year!D212>Thresholds!$E$17)*1>0,"AMBER","GREEN")) -> GREEN | E7: =IF((ABS(Heatmap_Year!E8)>Thresholds!$F$5)*1+(Heatmap_Year!E25>Thresholds!$F$6)*1+(Heatmap_Year!E42>Thresholds!$F$7)*1+(Heatmap_Year!E59<Thresholds!$F$8)*1+(Heatmap_Year!E76>Thresholds!$F$9)*1+(ABS(LN(Heatmap_Year!E93))>Thresholds!$F$10)*1+(ABS(LN(Heatmap_Year!E110))>Thresholds!$F$11)*1+(Heatmap_Year!E127<Thresholds!$F$12)*1+(Heatmap_Year!E144>Thresholds!$F$13)*1+(Heatmap_Year!E161>Thresholds!$F$14)*1+(Heatmap_Year!E178>Thresholds!$F$15)*1+(Heatmap_Year!E195>Thresholds!$F$16)*1+(Heatmap_Year!E212>Thresholds!$F$17)*1>0,"RED",IF((ABS(Heatmap_Year!E8)>Thresholds!$E$5)*1+(Heatmap_Year!E25>Thresholds!$E$6)*1+(Heatmap_Year!E42>Thresholds!$E$7)*1+(Heatmap_Year!E59<Thresholds!$E$8)*1+(Heatmap_Year!E76>Thresholds!$E$9)*1+(ABS(LN(Heatmap_Year!E93))>Thresholds!$E$10)*1+(ABS(LN(Heatmap_Year!E110))>Thresholds!$E$11)*1+(Heatmap_Year!E127<Thresholds!$E$12)*1+(Heatmap_Year!E144>Thresholds!$E$13)*1+(Heatmap_Year!E161>Thresholds!$E$14)*1+(Heatmap_Year!E178>Thresholds!$E$15)*1+(Heatmap_Year!E195>Thresholds!$E$16)*1+(Heatmap_Year!E212>Thresholds!$E$17)*1>0,"AMBER","GREEN")) -> GREEN | F7: =IF((ABS(Heatmap_Year!F8)>Thresholds!$F$5)*1+(Heatmap_Year!F25>Thresholds!$F$6)*1+(Heatmap_Year!F42>Thresholds!$F$7)*1+(Heatmap_Year!F59<Thresholds!$F$8)*1+(Heatmap_Year!F76>Thresholds!$F$9)*1+(ABS(LN(Heatmap_Year!F93))>Thresholds!$F$10)*1+(ABS(LN(Heatmap_Year!F110))>Thresholds!$F$11)*1+(Heatmap_Year!F127<Thresholds!$F$12)*1+(Heatmap_Year!F144>Thresholds!$F$13)*1+(Heatmap_Year!F161>Thresholds!$F$14)*1+(Heatmap_Year!F178>Thresholds!$F$15)*1+(Heatmap_Year!F195>Thresholds!$F$16)*1+(Heatmap_Year!F212>Thresholds!$F$17)*1>0,"RED",IF((ABS(Heatmap_Year!F8)>Thresholds!$E$5)*1+(Heatmap_Year!F25>Thresholds!$E$6)*1+(Heatmap_Year!F42>Thresholds!$E$7)*1+(Heatmap_Year!F59<Thresholds!$E$8)*1+(Heatmap_Year!F76>Thresholds!$E$9)*1+(ABS(LN(Heatmap_Year!F93))>Thresholds!$E$10)*1+(ABS(LN(Heatmap_Year!F110))>Thresholds!$E$11)*1+(Heatmap_Year!F127<Thresholds!$E$12)*1+(Heatmap_Year!F144>Thresholds!$E$13)*1+(Heatmap_Year!F161>Thresholds!$E$14)*1+(Heatmap_Year!F178>Thresholds!$E$15)*1+(Heatmap_Year!F195>Thresholds!$E$16)*1+(Heatmap_Year!F212>Thresholds!$E$17)*1>0,"AMBER","GREEN")) -> GREEN | G7: =IF((ABS(Heatmap_Year!G8)>Thresholds!$F$5)*1+(Heatmap_Year!G25>Thresholds!$F$6)*1+(Heatmap_Year!G42>Thresholds!$F$7)*1+(Heatmap_Year!G59<Thresholds!$F$8)*1+(Heatmap_Year!G76>Thresholds!$F$9)*1+(ABS(LN(Heatmap_Year!G93))>Thresholds!$F$10)*1+(ABS(LN(Heatmap_Year!G110))>Thresholds!$F$11)*1+(Heatmap_Year!G127<Thresholds!$F$12)*1+(Heatmap_Year!G144>Thresholds!$F$13)*1+(Heatmap_Year!G161>Thresholds!$F$14)*1+(Heatmap_Year!G178>Thresholds!$F$15)*1+(Heatmap_Year!G195>Thresholds!$F$16)*1+(Heatmap_Year!G212>Thresholds!$F$17)*1>0,"RED",IF((ABS(Heatmap_Year!G8)>Thresholds!$E$5)*1+(Heatmap_Year!G25>Thresholds!$E$6)*1+(Heatmap_Year!G42>Thresholds!$E$7)*1+(Heatmap_Year!G59<Thresholds!$E$8)*1+(Heatmap_Year!G76>Thresholds!$E$9)*1+(ABS(LN(Heatmap_Year!G93))>Thresholds!$E$10)*1+(ABS(LN(Heatmap_Year!G110))>Thresholds!$E$11)*1+(Heatmap_Year!G127<Thresholds!$E$12)*1+(Heatmap_Year!G144>Thresholds!$E$13)*1+(Heatmap_Year!G161>Thresholds!$E$14)*1+(Heatmap_Year!G178>Thresholds!$E$15)*1+(Heatmap_Year!G195>Thresholds!$E$16)*1+(Heatmap_Year!G212>Thresholds!$E$17)*1>0,"AMBER","GREEN")) -> GREEN | H7: =IF((ABS(Heatmap_Year!H8)>Thresholds!$F$5)*1+(Heatmap_Year!H25>Thresholds!$F$6)*1+(Heatmap_Year!H42>Thresholds!$F$7)*1+(Heatmap_Year!H59<Thresholds!$F$8)*1+(Heatmap_Year!H76>Thresholds!$F$9)*1+(ABS(LN(Heatmap_Year!H93))>Thresholds!$F$10)*1+(ABS(LN(Heatmap_Year!H110))>Thresholds!$F$11)*1+(Heatmap_Year!H127<Thresholds!$F$12)*1+(Heatmap_Year!H144>Thresholds!$F$13)*1+(Heatmap_Year!H161>Thresholds!$F$14)*1+(Heatmap_Year!H178>Thresholds!$F$15)*1+(Heatmap_Year!H195>Thresholds!$F$16)*1+(Heatmap_Year!H212>Thresholds!$F$17)*1>0,"RED",IF((ABS(Heatmap_Year!H8)>Thresholds!$E$5)*1+(Heatmap_Year!H25>Thresholds!$E$6)*1+(Heatmap_Year!H42>Thresholds!$E$7)*1+(Heatmap_Year!H59<Thresholds!$E$8)*1+(Heatmap_Year!H76>Thresholds!$E$9)*1+(ABS(LN(Heatmap_Year!H93))>Thresholds!$E$10)*1+(ABS(LN(Heatmap_Year!H110))>Thresholds!$E$11)*1+(Heatmap_Year!H127<Thresholds!$E$12)*1+(Heatmap_Year!H144>Thresholds!$E$13)*1+(Heatmap_Year!H161>Thresholds!$E$14)*1+(Heatmap_Year!H178>Thresholds!$E$15)*1+(Heatmap_Year!H195>Thresholds!$E$16)*1+(Heatmap_Year!H212>Thresholds!$E$17)*1>0,"AMBER","GREEN")) -> GREEN | I7: =IF((ABS(Heatmap_Year!I8)>Thresholds!$F$5)*1+(Heatmap_Year!I25>Thresholds!$F$6)*1+(Heatmap_Year!I42>Thresholds!$F$7)*1+(Heatmap_Year!I59<Thresholds!$F$8)*1+(Heatmap_Year!I76>Thresholds!$F$9)*1+(ABS(LN(Heatmap_Year!I93))>Thresholds!$F$10)*1+(ABS(LN(Heatmap_Year!I110))>Thresholds!$F$11)*1+(Heatmap_Year!I127<Thresholds!$F$12)*1+(Heatmap_Year!I144>Thresholds!$F$13)*1+(Heatmap_Year!I161>Thresholds!$F$14)*1+(Heatmap_Year!I178>Thresholds!$F$15)*1+(Heatmap_Year!I195>Thresholds!$F$16)*1+(Heatmap_Year!I212>Thresholds!$F$17)*1>0,"RED",IF((ABS(Heatmap_Year!I8)>Thresholds!$E$5)*1+(Heatmap_Year!I25>Thresholds!$E$6)*1+(Heatmap_Year!I42>Thresholds!$E$7)*1+(Heatmap_Year!I59<Thresholds!$E$8)*1+(Heatmap_Year!I76>Thresholds!$E$9)*1+(ABS(LN(Heatmap_Year!I93))>Thresholds!$E$10)*1+(ABS(LN(Heatmap_Year!I110))>Thresholds!$E$11)*1+(Heatmap_Year!I127<Thresholds!$E$12)*1+(Heatmap_Year!I144>Thresholds!$E$13)*1+(Heatmap_Year!I161>Thresholds!$E$14)*1+(Heatmap_Year!I178>Thresholds!$E$15)*1+(Heatmap_Year!I195>Thresholds!$E$16)*1+(Heatmap_Year!I212>Thresholds!$E$17)*1>0,"AMBER","GREEN")) -> GREEN | K7: 2W | L7: =IF(ABS(Heatmap_Year!B8)>Thresholds!$F$5,"Bias ","")&IF(Heatmap_Year!B25>Thresholds!$F$6,"MaxSpread ","")&IF(Heatmap_Year!B42>Thresholds!$F$7,"Outlier ","")&IF(Heatmap_Year!B59<Thresholds!$F$8,"Spearman ","")&IF(Heatmap_Year!B76>Thresholds!$F$9,"KS ","")&IF(ABS(LN(Heatmap_Year!B93))>Thresholds!$F$10,"Vol ","")&IF(ABS(LN(Heatmap_Year!B110))>Thresholds!$F$11,"Tail ","")&IF(Heatmap_Year!B127<Thresholds!$F$12,"Direction ","")&IF(Heatmap_Year!B144>Thresholds!$F$13,"Stale% ","")&IF(Heatmap_Year!B161>Thresholds!$F$14,"StaleRun ","")&IF(Heatmap_Year!B178>Thresholds!$F$15,"TrendGap ","")&IF(Heatmap_Year!B195>Thresholds!$F$16,"OppTrend ","")&IF(Heatmap_Year!B212>Thresholds!$F$17,"Shape ","") | M7: =IF(ABS(Heatmap_Year!C8)>Thresholds!$F$5,"Bias ","")&IF(Heatmap_Year!C25>Thresholds!$F$6,"MaxSpread ","")&IF(Heatmap_Year!C42>Thresholds!$F$7,"Outlier ","")&IF(Heatmap_Year!C59<Thresholds!$F$8,"Spearman ","")&IF(Heatmap_Year!C76>Thresholds!$F$9,"KS ","")&IF(ABS(LN(Heatmap_Year!C93))>Thresholds!$F$10,"Vol ","")&IF(ABS(LN(Heatmap_Year!C110))>Thresholds!$F$11,"Tail ","")&IF(Heatmap_Year!C127<Thresholds!$F$12,"Direction ","")&IF(Heatmap_Year!C144>Thresholds!$F$13,"Stale% ","")&IF(Heatmap_Year!C161>Thresholds!$F$14,"StaleRun ","")&IF(Heatmap_Year!C178>Thresholds!$F$15,"TrendGap ","")&IF(Heatmap_Year!C195>Thresholds!$F$16,"OppTrend ","")&IF(Heatmap_Year!C212>Thresholds!$F$17,"Shape ","") | N7: =IF(ABS(Heatmap_Year!D8)>Thresholds!$F$5,"Bias ","")&IF(Heatmap_Year!D25>Thresholds!$F$6,"MaxSpread ","")&IF(Heatmap_Year!D42>Thresholds!$F$7,"Outlier ","")&IF(Heatmap_Year!D59<Thresholds!$F$8,"Spearman ","")&IF(Heatmap_Year!D76>Thresholds!$F$9,"KS ","")&IF(ABS(LN(Heatmap_Year!D93))>Thresholds!$F$10,"Vol ","")&IF(ABS(LN(Heatmap_Year!D110))>Thresholds!$F$11,"Tail ","")&IF(Heatmap_Year!D127<Thresholds!$F$12,"Direction ","")&IF(Heatmap_Year!D144>Thresholds!$F$13,"Stale% ","")&IF(Heatmap_Year!D161>Thresholds!$F$14,"StaleRun ","")&IF(Heatmap_Year!D178>Thresholds!$F$15,"TrendGap ","")&IF(Heatmap_Year!D195>Thresholds!$F$16,"OppTrend ","")&IF(Heatmap_Year!D212>Thresholds!$F$17,"Shape ","") | O7: =IF(ABS(Heatmap_Year!E8)>Thresholds!$F$5,"Bias ","")&IF(Heatmap_Year!E25>Thresholds!$F$6,"MaxSpread ","")&IF(Heatmap_Year!E42>Thresholds!$F$7,"Outlier ","")&IF(Heatmap_Year!E59<Thresholds!$F$8,"Spearman ","")&IF(Heatmap_Year!E76>Thresholds!$F$9,"KS ","")&IF(ABS(LN(Heatmap_Year!E93))>Thresholds!$F$10,"Vol ","")&IF(ABS(LN(Heatmap_Year!E110))>Thresholds!$F$11,"Tail ","")&IF(Heatmap_Year!E127<Thresholds!$F$12,"Direction ","")&IF(Heatmap_Year!E144>Thresholds!$F$13,"Stale% ","")&IF(Heatmap_Year!E161>Thresholds!$F$14,"StaleRun ","")&IF(Heatmap_Year!E178>Thresholds!$F$15,"TrendGap ","")&IF(Heatmap_Year!E195>Thresholds!$F$16,"OppTrend ","")&IF(Heatmap_Year!E212>Thresholds!$F$17,"Shape ","") | P7: =IF(ABS(Heatmap_Year!F8)>Thresholds!$F$5,"Bias ","")&IF(Heatmap_Year!F25>Thresholds!$F$6,"MaxSpread ","")&IF(Heatmap_Year!F42>Thresholds!$F$7,"Outlier ","")&IF(Heatmap_Year!F59<Thresholds!$F$8,"Spearman ","")&IF(Heatmap_Year!F76>Thresholds!$F$9,"KS ","")&IF(ABS(LN(Heatmap_Year!F93))>Thresholds!$F$10,"Vol ","")&IF(ABS(LN(Heatmap_Year!F110))>Thresholds!$F$11,"Tail ","")&IF(Heatmap_Year!F127<Thresholds!$F$12,"Direction ","")&IF(Heatmap_Year!F144>Thresholds!$F$13,"Stale% ","")&IF(Heatmap_Year!F161>Thresholds!$F$14,"StaleRun ","")&IF(Heatmap_Year!F178>Thresholds!$F$15,"TrendGap ","")&IF(Heatmap_Year!F195>Thresholds!$F$16,"OppTrend ","")&IF(Heatmap_Year!F212>Thresholds!$F$17,"Shape ","") | Q7: =IF(ABS(Heatmap_Year!G8)>Thresholds!$F$5,"Bias ","")&IF(Heatmap_Year!G25>Thresholds!$F$6,"MaxSpread ","")&IF(Heatmap_Year!G42>Thresholds!$F$7,"Outlier ","")&IF(Heatmap_Year!G59<Thresholds!$F$8,"Spearman ","")&IF(Heatmap_Year!G76>Thresholds!$F$9,"KS ","")&IF(ABS(LN(Heatmap_Year!G93))>Thresholds!$F$10,"Vol ","")&IF(ABS(LN(Heatmap_Year!G110))>Thresholds!$F$11,"Tail ","")&IF(Heatmap_Year!G127<Thresholds!$F$12,"Direction ","")&IF(Heatmap_Year!G144>Thresholds!$F$13,"Stale% ","")&IF(Heatmap_Year!G161>Thresholds!$F$14,"StaleRun ","")&IF(Heatmap_Year!G178>Thresholds!$F$15,"TrendGap ","")&IF(Heatmap_Year!G195>Thresholds!$F$16,"OppTrend ","")&IF(Heatmap_Year!G212>Thresholds!$F$17,"Shape ","") | R7: =IF(ABS(Heatmap_Year!H8)>Thresholds!$F$5,"Bias ","")&IF(Heatmap_Year!H25>Thresholds!$F$6,"MaxSpread ","")&IF(Heatmap_Year!H42>Thresholds!$F$7,"Outlier ","")&IF(Heatmap_Year!H59<Thresholds!$F$8,"Spearman ","")&IF(Heatmap_Year!H76>Thresholds!$F$9,"KS ","")&IF(ABS(LN(Heatmap_Year!H93))>Thresholds!$F$10,"Vol ","")&IF(ABS(LN(Heatmap_Year!H110))>Thresholds!$F$11,"Tail ","")&IF(Heatmap_Year!H127<Thresholds!$F$12,"Direction ","")&IF(Heatmap_Year!H144>Thresholds!$F$13,"Stale% ","")&IF(Heatmap_Year!H161>Thresholds!$F$14,"StaleRun ","")&IF(Heatmap_Year!H178>Thresholds!$F$15,"TrendGap ","")&IF(Heatmap_Year!H195>Thresholds!$F$16,"OppTrend ","")&IF(Heatmap_Year!H212>Thresholds!$F$17,"Shape ","") | S7: =IF(ABS(Heatmap_Year!I8)>Thresholds!$F$5,"Bias ","")&IF(Heatmap_Year!I25>Thresholds!$F$6,"MaxSpread ","")&IF(Heatmap_Year!I42>Thresholds!$F$7,"Outlier ","")&IF(Heatmap_Year!I59<Thresholds!$F$8,"Spearman ","")&IF(Heatmap_Year!I76>Thresholds!$F$9,"KS ","")&IF(ABS(LN(Heatmap_Year!I93))>Thresholds!$F$10,"Vol ","")&IF(ABS(LN(Heatmap_Year!I110))>Thresholds!$F$11,"Tail ","")&IF(Heatmap_Year!I127<Thresholds!$F$12,"Direction ","")&IF(Heatmap_Year!I144>Thresholds!$F$13,"Stale% ","")&IF(Heatmap_Year!I161>Thresholds!$F$14,"StaleRun ","")&IF(Heatmap_Year!I178>Thresholds!$F$15,"TrendGap ","")&IF(Heatmap_Year!I195>Thresholds!$F$16,"OppTrend ","")&IF(Heatmap_Year!I212>Thresholds!$F$17,"Shape ","")
A8: 3W | B8: =IF((ABS(Heatmap_Year!B9)>Thresholds!$F$5)*1+(Heatmap_Year!B26>Thresholds!$F$6)*1+(Heatmap_Year!B43>Thresholds!$F$7)*1+(Heatmap_Year!B60<Thresholds!$F$8)*1+(Heatmap_Year!B77>Thresholds!$F$9)*1+(ABS(LN(Heatmap_Year!B94))>Thresholds!$F$10)*1+(ABS(LN(Heatmap_Year!B111))>Thresholds!$F$11)*1+(Heatmap_Year!B128<Thresholds!$F$12)*1+(Heatmap_Year!B145>Thresholds!$F$13)*1+(Heatmap_Year!B162>Thresholds!$F$14)*1+(Heatmap_Year!B179>Thresholds!$F$15)*1+(Heatmap_Year!B196>Thresholds!$F$16)*1+(Heatmap_Year!B213>Thresholds!$F$17)*1>0,"RED",IF((ABS(Heatmap_Year!B9)>Thresholds!$E$5)*1+(Heatmap_Year!B26>Thresholds!$E$6)*1+(Heatmap_Year!B43>Thresholds!$E$7)*1+(Heatmap_Year!B60<Thresholds!$E$8)*1+(Heatmap_Year!B77>Thresholds!$E$9)*1+(ABS(LN(Heatmap_Year!B94))>Thresholds!$E$10)*1+(ABS(LN(Heatmap_Year!B111))>Thresholds!$E$11)*1+(Heatmap_Year!B128<Thresholds!$E$12)*1+(Heatmap_Year!B145>Thresholds!$E$13)*1+(Heatmap_Year!B162>Thresholds!$E$14)*1+(Heatmap_Year!B179>Thresholds!$E$15)*1+(Heatmap_Year!B196>Thresholds!$E$16)*1+(Heatmap_Year!B213>Thresholds!$E$17)*1>0,"AMBER","GREEN")) -> GREEN | C8: =IF((ABS(Heatmap_Year!C9)>Thresholds!$F$5)*1+(Heatmap_Year!C26>Thresholds!$F$6)*1+(Heatmap_Year!C43>Thresholds!$F$7)*1+(Heatmap_Year!C60<Thresholds!$F$8)*1+(Heatmap_Year!C77>Thresholds!$F$9)*1+(ABS(LN(Heatmap_Year!C94))>Thresholds!$F$10)*1+(ABS(LN(Heatmap_Year!C111))>Thresholds!$F$11)*1+(Heatmap_Year!C128<Thresholds!$F$12)*1+(Heatmap_Year!C145>Thresholds!$F$13)*1+(Heatmap_Year!C162>Thresholds!$F$14)*1+(Heatmap_Year!C179>Thresholds!$F$15)*1+(Heatmap_Year!C196>Thresholds!$F$16)*1+(Heatmap_Year!C213>Thresholds!$F$17)*1>0,"RED",IF((ABS(Heatmap_Year!C9)>Thresholds!$E$5)*1+(Heatmap_Year!C26>Thresholds!$E$6)*1+(Heatmap_Year!C43>Thresholds!$E$7)*1+(Heatmap_Year!C60<Thresholds!$E$8)*1+(Heatmap_Year!C77>Thresholds!$E$9)*1+(ABS(LN(Heatmap_Year!C94))>Thresholds!$E$10)*1+(ABS(LN(Heatmap_Year!C111))>Thresholds!$E$11)*1+(Heatmap_Year!C128<Thresholds!$E$12)*1+(Heatmap_Year!C145>Thresholds!$E$13)*1+(Heatmap_Year!C162>Thresholds!$E$14)*1+(Heatmap_Year!C179>Thresholds!$E$15)*1+(Heatmap_Year!C196>Thresholds!$E$16)*1+(Heatmap_Year!C213>Thresholds!$E$17)*1>0,"AMBER","GREEN")) -> GREEN | D8: =IF((ABS(Heatmap_Year!D9)>Thresholds!$F$5)*1+(Heatmap_Year!D26>Thresholds!$F$6)*1+(Heatmap_Year!D43>Thresholds!$F$7)*1+(Heatmap_Year!D60<Thresholds!$F$8)*1+(Heatmap_Year!D77>Thresholds!$F$9)*1+(ABS(LN(Heatmap_Year!D94))>Thresholds!$F$10)*1+(ABS(LN(Heatmap_Year!D111))>Thresholds!$F$11)*1+(Heatmap_Year!D128<Thresholds!$F$12)*1+(Heatmap_Year!D145>Thresholds!$F$13)*1+(Heatmap_Year!D162>Thresholds!$F$14)*1+(Heatmap_Year!D179>Thresholds!$F$15)*1+(Heatmap_Year!D196>Thresholds!$F$16)*1+(Heatmap_Year!D213>Thresholds!$F$17)*1>0,"RED",IF((ABS(Heatmap_Year!D9)>Thresholds!$E$5)*1+(Heatmap_Year!D26>Thresholds!$E$6)*1+(Heatmap_Year!D43>Thresholds!$E$7)*1+(Heatmap_Year!D60<Thresholds!$E$8)*1+(Heatmap_Year!D77>Thresholds!$E$9)*1+(ABS(LN(Heatmap_Year!D94))>Thresholds!$E$10)*1+(ABS(LN(Heatmap_Year!D111))>Thresholds!$E$11)*1+(Heatmap_Year!D128<Thresholds!$E$12)*1+(Heatmap_Year!D145>Thresholds!$E$13)*1+(Heatmap_Year!D162>Thresholds!$E$14)*1+(Heatmap_Year!D179>Thresholds!$E$15)*1+(Heatmap_Year!D196>Thresholds!$E$16)*1+(Heatmap_Year!D213>Thresholds!$E$17)*1>0,"AMBER","GREEN")) -> GREEN | E8: =IF((ABS(Heatmap_Year!E9)>Thresholds!$F$5)*1+(Heatmap_Year!E26>Thresholds!$F$6)*1+(Heatmap_Year!E43>Thresholds!$F$7)*1+(Heatmap_Year!E60<Thresholds!$F$8)*1+(Heatmap_Year!E77>Thresholds!$F$9)*1+(ABS(LN(Heatmap_Year!E94))>Thresholds!$F$10)*1+(ABS(LN(Heatmap_Year!E111))>Thresholds!$F$11)*1+(Heatmap_Year!E128<Thresholds!$F$12)*1+(Heatmap_Year!E145>Thresholds!$F$13)*1+(Heatmap_Year!E162>Thresholds!$F$14)*1+(Heatmap_Year!E179>Thresholds!$F$15)*1+(Heatmap_Year!E196>Thresholds!$F$16)*1+(Heatmap_Year!E213>Thresholds!$F$17)*1>0,"RED",IF((ABS(Heatmap_Year!E9)>Thresholds!$E$5)*1+(Heatmap_Year!E26>Thresholds!$E$6)*1+(Heatmap_Year!E43>Thresholds!$E$7)*1+(Heatmap_Year!E60<Thresholds!$E$8)*1+(Heatmap_Year!E77>Thresholds!$E$9)*1+(ABS(LN(Heatmap_Year!E94))>Thresholds!$E$10)*1+(ABS(LN(Heatmap_Year!E111))>Thresholds!$E$11)*1+(Heatmap_Year!E128<Thresholds!$E$12)*1+(Heatmap_Year!E145>Thresholds!$E$13)*1+(Heatmap_Year!E162>Thresholds!$E$14)*1+(Heatmap_Year!E179>Thresholds!$E$15)*1+(Heatmap_Year!E196>Thresholds!$E$16)*1+(Heatmap_Year!E213>Thresholds!$E$17)*1>0,"AMBER","GREEN")) -> GREEN | F8: =IF((ABS(Heatmap_Year!F9)>Thresholds!$F$5)*1+(Heatmap_Year!F26>Thresholds!$F$6)*1+(Heatmap_Year!F43>Thresholds!$F$7)*1+(Heatmap_Year!F60<Thresholds!$F$8)*1+(Heatmap_Year!F77>Thresholds!$F$9)*1+(ABS(LN(Heatmap_Year!F94))>Thresholds!$F$10)*1+(ABS(LN(Heatmap_Year!F111))>Thresholds!$F$11)*1+(Heatmap_Year!F128<Thresholds!$F$12)*1+(Heatmap_Year!F145>Thresholds!$F$13)*1+(Heatmap_Year!F162>Thresholds!$F$14)*1+(Heatmap_Year!F179>Thresholds!$F$15)*1+(Heatmap_Year!F196>Thresholds!$F$16)*1+(Heatmap_Year!F213>Thresholds!$F$17)*1>0,"RED",IF((ABS(Heatmap_Year!F9)>Thresholds!$E$5)*1+(Heatmap_Year!F26>Thresholds!$E$6)*1+(Heatmap_Year!F43>Thresholds!$E$7)*1+(Heatmap_Year!F60<Thresholds!$E$8)*1+(Heatmap_Year!F77>Thresholds!$E$9)*1+(ABS(LN(Heatmap_Year!F94))>Thresholds!$E$10)*1+(ABS(LN(Heatmap_Year!F111))>Thresholds!$E$11)*1+(Heatmap_Year!F128<Thresholds!$E$12)*1+(Heatmap_Year!F145>Thresholds!$E$13)*1+(Heatmap_Year!F162>Thresholds!$E$14)*1+(Heatmap_Year!F179>Thresholds!$E$15)*1+(Heatmap_Year!F196>Thresholds!$E$16)*1+(Heatmap_Year!F213>Thresholds!$E$17)*1>0,"AMBER","GREEN")) -> GREEN | G8: =IF((ABS(Heatmap_Year!G9)>Thresholds!$F$5)*1+(Heatmap_Year!G26>Thresholds!$F$6)*1+(Heatmap_Year!G43>Thresholds!$F$7)*1+(Heatmap_Year!G60<Thresholds!$F$8)*1+(Heatmap_Year!G77>Thresholds!$F$9)*1+(ABS(LN(Heatmap_Year!G94))>Thresholds!$F$10)*1+(ABS(LN(Heatmap_Year!G111))>Thresholds!$F$11)*1+(Heatmap_Year!G128<Thresholds!$F$12)*1+(Heatmap_Year!G145>Thresholds!$F$13)*1+(Heatmap_Year!G162>Thresholds!$F$14)*1+(Heatmap_Year!G179>Thresholds!$F$15)*1+(Heatmap_Year!G196>Thresholds!$F$16)*1+(Heatmap_Year!G213>Thresholds!$F$17)*1>0,"RED",IF((ABS(Heatmap_Year!G9)>Thresholds!$E$5)*1+(Heatmap_Year!G26>Thresholds!$E$6)*1+(Heatmap_Year!G43>Thresholds!$E$7)*1+(Heatmap_Year!G60<Thresholds!$E$8)*1+(Heatmap_Year!G77>Thresholds!$E$9)*1+(ABS(LN(Heatmap_Year!G94))>Thresholds!$E$10)*1+(ABS(LN(Heatmap_Year!G111))>Thresholds!$E$11)*1+(Heatmap_Year!G128<Thresholds!$E$12)*1+(Heatmap_Year!G145>Thresholds!$E$13)*1+(Heatmap_Year!G162>Thresholds!$E$14)*1+(Heatmap_Year!G179>Thresholds!$E$15)*1+(Heatmap_Year!G196>Thresholds!$E$16)*1+(Heatmap_Year!G213>Thresholds!$E$17)*1>0,"AMBER","GREEN")) -> GREEN | H8: =IF((ABS(Heatmap_Year!H9)>Thresholds!$F$5)*1+(Heatmap_Year!H26>Thresholds!$F$6)*1+(Heatmap_Year!H43>Thresholds!$F$7)*1+(Heatmap_Year!H60<Thresholds!$F$8)*1+(Heatmap_Year!H77>Thresholds!$F$9)*1+(ABS(LN(Heatmap_Year!H94))>Thresholds!$F$10)*1+(ABS(LN(Heatmap_Year!H111))>Thresholds!$F$11)*1+(Heatmap_Year!H128<Thresholds!$F$12)*1+(Heatmap_Year!H145>Thresholds!$F$13)*1+(Heatmap_Year!H162>Thresholds!$F$14)*1+(Heatmap_Year!H179>Thresholds!$F$15)*1+(Heatmap_Year!H196>Thresholds!$F$16)*1+(Heatmap_Year!H213>Thresholds!$F$17)*1>0,"RED",IF((ABS(Heatmap_Year!H9)>Thresholds!$E$5)*1+(Heatmap_Year!H26>Thresholds!$E$6)*1+(Heatmap_Year!H43>Thresholds!$E$7)*1+(Heatmap_Year!H60<Thresholds!$E$8)*1+(Heatmap_Year!H77>Thresholds!$E$9)*1+(ABS(LN(Heatmap_Year!H94))>Thresholds!$E$10)*1+(ABS(LN(Heatmap_Year!H111))>Thresholds!$E$11)*1+(Heatmap_Year!H128<Thresholds!$E$12)*1+(Heatmap_Year!H145>Thresholds!$E$13)*1+(Heatmap_Year!H162>Thresholds!$E$14)*1+(Heatmap_Year!H179>Thresholds!$E$15)*1+(Heatmap_Year!H196>Thresholds!$E$16)*1+(Heatmap_Year!H213>Thresholds!$E$17)*1>0,"AMBER","GREEN")) -> GREEN | I8: =IF((ABS(Heatmap_Year!I9)>Thresholds!$F$5)*1+(Heatmap_Year!I26>Thresholds!$F$6)*1+(Heatmap_Year!I43>Thresholds!$F$7)*1+(Heatmap_Year!I60<Thresholds!$F$8)*1+(Heatmap_Year!I77>Thresholds!$F$9)*1+(ABS(LN(Heatmap_Year!I94))>Thresholds!$F$10)*1+(ABS(LN(Heatmap_Year!I111))>Thresholds!$F$11)*1+(Heatmap_Year!I128<Thresholds!$F$12)*1+(Heatmap_Year!I145>Thresholds!$F$13)*1+(Heatmap_Year!I162>Thresholds!$F$14)*1+(Heatmap_Year!I179>Thresholds!$F$15)*1+(Heatmap_Year!I196>Thresholds!$F$16)*1+(Heatmap_Year!I213>Thresholds!$F$17)*1>0,"RED",IF((ABS(Heatmap_Year!I9)>Thresholds!$E$5)*1+(Heatmap_Year!I26>Thresholds!$E$6)*1+(Heatmap_Year!I43>Thresholds!$E$7)*1+(Heatmap_Year!I60<Thresholds!$E$8)*1+(Heatmap_Year!I77>Thresholds!$E$9)*1+(ABS(LN(Heatmap_Year!I94))>Thresholds!$E$10)*1+(ABS(LN(Heatmap_Year!I111))>Thresholds!$E$11)*1+(Heatmap_Year!I128<Thresholds!$E$12)*1+(Heatmap_Year!I145>Thresholds!$E$13)*1+(Heatmap_Year!I162>Thresholds!$E$14)*1+(Heatmap_Year!I179>Thresholds!$E$15)*1+(Heatmap_Year!I196>Thresholds!$E$16)*1+(Heatmap_Year!I213>Thresholds!$E$17)*1>0,"AMBER","GREEN")) -> GREEN | K8: 3W | L8: =IF(ABS(Heatmap_Year!B9)>Thresholds!$F$5,"Bias ","")&IF(Heatmap_Year!B26>Thresholds!$F$6,"MaxSpread ","")&IF(Heatmap_Year!B43>Thresholds!$F$7,"Outlier ","")&IF(Heatmap_Year!B60<Thresholds!$F$8,"Spearman ","")&IF(Heatmap_Year!B77>Thresholds!$F$9,"KS ","")&IF(ABS(LN(Heatmap_Year!B94))>Thresholds!$F$10,"Vol ","")&IF(ABS(LN(Heatmap_Year!B111))>Thresholds!$F$11,"Tail ","")&IF(Heatmap_Year!B128<Thresholds!$F$12,"Direction ","")&IF(Heatmap_Year!B145>Thresholds!$F$13,"Stale% ","")&IF(Heatmap_Year!B162>Thresholds!$F$14,"StaleRun ","")&IF(Heatmap_Year!B179>Thresholds!$F$15,"TrendGap ","")&IF(Heatmap_Year!B196>Thresholds!$F$16,"OppTrend ","")&IF(Heatmap_Year!B213>Thresholds!$F$17,"Shape ","") | M8: =IF(ABS(Heatmap_Year!C9)>Thresholds!$F$5,"Bias ","")&IF(Heatmap_Year!C26>Thresholds!$F$6,"MaxSpread ","")&IF(Heatmap_Year!C43>Thresholds!$F$7,"Outlier ","")&IF(Heatmap_Year!C60<Thresholds!$F$8,"Spearman ","")&IF(Heatmap_Year!C77>Thresholds!$F$9,"KS ","")&IF(ABS(LN(Heatmap_Year!C94))>Thresholds!$F$10,"Vol ","")&IF(ABS(LN(Heatmap_Year!C111))>Thresholds!$F$11,"Tail ","")&IF(Heatmap_Year!C128<Thresholds!$F$12,"Direction ","")&IF(Heatmap_Year!C145>Thresholds!$F$13,"Stale% ","")&IF(Heatmap_Year!C162>Thresholds!$F$14,"StaleRun ","")&IF(Heatmap_Year!C179>Thresholds!$F$15,"TrendGap ","")&IF(Heatmap_Year!C196>Thresholds!$F$16,"OppTrend ","")&IF(Heatmap_Year!C213>Thresholds!$F$17,"Shape ","") | N8: =IF(ABS(Heatmap_Year!D9)>Thresholds!$F$5,"Bias ","")&IF(Heatmap_Year!D26>Thresholds!$F$6,"MaxSpread ","")&IF(Heatmap_Year!D43>Thresholds!$F$7,"Outlier ","")&IF(Heatmap_Year!D60<Thresholds!$F$8,"Spearman ","")&IF(Heatmap_Year!D77>Thresholds!$F$9,"KS ","")&IF(ABS(LN(Heatmap_Year!D94))>Thresholds!$F$10,"Vol ","")&IF(ABS(LN(Heatmap_Year!D111))>Thresholds!$F$11,"Tail ","")&IF(Heatmap_Year!D128<Thresholds!$F$12,"Direction ","")&IF(Heatmap_Year!D145>Thresholds!$F$13,"Stale% ","")&IF(Heatmap_Year!D162>Thresholds!$F$14,"StaleRun ","")&IF(Heatmap_Year!D179>Thresholds!$F$15,"TrendGap ","")&IF(Heatmap_Year!D196>Thresholds!$F$16,"OppTrend ","")&IF(Heatmap_Year!D213>Thresholds!$F$17,"Shape ","") | O8: =IF(ABS(Heatmap_Year!E9)>Thresholds!$F$5,"Bias ","")&IF(Heatmap_Year!E26>Thresholds!$F$6,"MaxSpread ","")&IF(Heatmap_Year!E43>Thresholds!$F$7,"Outlier ","")&IF(Heatmap_Year!E60<Thresholds!$F$8,"Spearman ","")&IF(Heatmap_Year!E77>Thresholds!$F$9,"KS ","")&IF(ABS(LN(Heatmap_Year!E94))>Thresholds!$F$10,"Vol ","")&IF(ABS(LN(Heatmap_Year!E111))>Thresholds!$F$11,"Tail ","")&IF(Heatmap_Year!E128<Thresholds!$F$12,"Direction ","")&IF(Heatmap_Year!E145>Thresholds!$F$13,"Stale% ","")&IF(Heatmap_Year!E162>Thresholds!$F$14,"StaleRun ","")&IF(Heatmap_Year!E179>Thresholds!$F$15,"TrendGap ","")&IF(Heatmap_Year!E196>Thresholds!$F$16,"OppTrend ","")&IF(Heatmap_Year!E213>Thresholds!$F$17,"Shape ","") | P8: =IF(ABS(Heatmap_Year!F9)>Thresholds!$F$5,"Bias ","")&IF(Heatmap_Year!F26>Thresholds!$F$6,"MaxSpread ","")&IF(Heatmap_Year!F43>Thresholds!$F$7,"Outlier ","")&IF(Heatmap_Year!F60<Thresholds!$F$8,"Spearman ","")&IF(Heatmap_Year!F77>Thresholds!$F$9,"KS ","")&IF(ABS(LN(Heatmap_Year!F94))>Thresholds!$F$10,"Vol ","")&IF(ABS(LN(Heatmap_Year!F111))>Thresholds!$F$11,"Tail ","")&IF(Heatmap_Year!F128<Thresholds!$F$12,"Direction ","")&IF(Heatmap_Year!F145>Thresholds!$F$13,"Stale% ","")&IF(Heatmap_Year!F162>Thresholds!$F$14,"StaleRun ","")&IF(Heatmap_Year!F179>Thresholds!$F$15,"TrendGap ","")&IF(Heatmap_Year!F196>Thresholds!$F$16,"OppTrend ","")&IF(Heatmap_Year!F213>Thresholds!$F$17,"Shape ","") | Q8: =IF(ABS(Heatmap_Year!G9)>Thresholds!$F$5,"Bias ","")&IF(Heatmap_Year!G26>Thresholds!$F$6,"MaxSpread ","")&IF(Heatmap_Year!G43>Thresholds!$F$7,"Outlier ","")&IF(Heatmap_Year!G60<Thresholds!$F$8,"Spearman ","")&IF(Heatmap_Year!G77>Thresholds!$F$9,"KS ","")&IF(ABS(LN(Heatmap_Year!G94))>Thresholds!$F$10,"Vol ","")&IF(ABS(LN(Heatmap_Year!G111))>Thresholds!$F$11,"Tail ","")&IF(Heatmap_Year!G128<Thresholds!$F$12,"Direction ","")&IF(Heatmap_Year!G145>Thresholds!$F$13,"Stale% ","")&IF(Heatmap_Year!G162>Thresholds!$F$14,"StaleRun ","")&IF(Heatmap_Year!G179>Thresholds!$F$15,"TrendGap ","")&IF(Heatmap_Year!G196>Thresholds!$F$16,"OppTrend ","")&IF(Heatmap_Year!G213>Thresholds!$F$17,"Shape ","") | R8: =IF(ABS(Heatmap_Year!H9)>Thresholds!$F$5,"Bias ","")&IF(Heatmap_Year!H26>Thresholds!$F$6,"MaxSpread ","")&IF(Heatmap_Year!H43>Thresholds!$F$7,"Outlier ","")&IF(Heatmap_Year!H60<Thresholds!$F$8,"Spearman ","")&IF(Heatmap_Year!H77>Thresholds!$F$9,"KS ","")&IF(ABS(LN(Heatmap_Year!H94))>Thresholds!$F$10,"Vol ","")&IF(ABS(LN(Heatmap_Year!H111))>Thresholds!$F$11,"Tail ","")&IF(Heatmap_Year!H128<Thresholds!$F$12,"Direction ","")&IF(Heatmap_Year!H145>Thresholds!$F$13,"Stale% ","")&IF(Heatmap_Year!H162>Thresholds!$F$14,"StaleRun ","")&IF(Heatmap_Year!H179>Thresholds!$F$15,"TrendGap ","")&IF(Heatmap_Year!H196>Thresholds!$F$16,"OppTrend ","")&IF(Heatmap_Year!H213>Thresholds!$F$17,"Shape ","") | S8: =IF(ABS(Heatmap_Year!I9)>Thresholds!$F$5,"Bias ","")&IF(Heatmap_Year!I26>Thresholds!$F$6,"MaxSpread ","")&IF(Heatmap_Year!I43>Thresholds!$F$7,"Outlier ","")&IF(Heatmap_Year!I60<Thresholds!$F$8,"Spearman ","")&IF(Heatmap_Year!I77>Thresholds!$F$9,"KS ","")&IF(ABS(LN(Heatmap_Year!I94))>Thresholds!$F$10,"Vol ","")&IF(ABS(LN(Heatmap_Year!I111))>Thresholds!$F$11,"Tail ","")&IF(Heatmap_Year!I128<Thresholds!$F$12,"Direction ","")&IF(Heatmap_Year!I145>Thresholds!$F$13,"Stale% ","")&IF(Heatmap_Year!I162>Thresholds!$F$14,"StaleRun ","")&IF(Heatmap_Year!I179>Thresholds!$F$15,"TrendGap ","")&IF(Heatmap_Year!I196>Thresholds!$F$16,"OppTrend ","")&IF(Heatmap_Year!I213>Thresholds!$F$17,"Shape ","")
A9: 1M | B9: =IF((ABS(Heatmap_Year!B10)>Thresholds!$F$5)*1+(Heatmap_Year!B27>Thresholds!$F$6)*1+(Heatmap_Year!B44>Thresholds!$F$7)*1+(Heatmap_Year!B61<Thresholds!$F$8)*1+(Heatmap_Year!B78>Thresholds!$F$9)*1+(ABS(LN(Heatmap_Year!B95))>Thresholds!$F$10)*1+(ABS(LN(Heatmap_Year!B112))>Thresholds!$F$11)*1+(Heatmap_Year!B129<Thresholds!$F$12)*1+(Heatmap_Year!B146>Thresholds!$F$13)*1+(Heatmap_Year!B163>Thresholds!$F$14)*1+(Heatmap_Year!B180>Thresholds!$F$15)*1+(Heatmap_Year!B197>Thresholds!$F$16)*1+(Heatmap_Year!B214>Thresholds!$F$17)*1>0,"RED",IF((ABS(Heatmap_Year!B10)>Thresholds!$E$5)*1+(Heatmap_Year!B27>Thresholds!$E$6)*1+(Heatmap_Year!B44>Thresholds!$E$7)*1+(Heatmap_Year!B61<Thresholds!$E$8)*1+(Heatmap_Year!B78>Thresholds!$E$9)*1+(ABS(LN(Heatmap_Year!B95))>Thresholds!$E$10)*1+(ABS(LN(Heatmap_Year!B112))>Thresholds!$E$11)*1+(Heatmap_Year!B129<Thresholds!$E$12)*1+(Heatmap_Year!B146>Thresholds!$E$13)*1+(Heatmap_Year!B163>Thresholds!$E$14)*1+(Heatmap_Year!B180>Thresholds!$E$15)*1+(Heatmap_Year!B197>Thresholds!$E$16)*1+(Heatmap_Year!B214>Thresholds!$E$17)*1>0,"AMBER","GREEN")) -> GREEN | C9: =IF((ABS(Heatmap_Year!C10)>Thresholds!$F$5)*1+(Heatmap_Year!C27>Thresholds!$F$6)*1+(Heatmap_Year!C44>Thresholds!$F$7)*1+(Heatmap_Year!C61<Thresholds!$F$8)*1+(Heatmap_Year!C78>Thresholds!$F$9)*1+(ABS(LN(Heatmap_Year!C95))>Thresholds!$F$10)*1+(ABS(LN(Heatmap_Year!C112))>Thresholds!$F$11)*1+(Heatmap_Year!C129<Thresholds!$F$12)*1+(Heatmap_Year!C146>Thresholds!$F$13)*1+(Heatmap_Year!C163>Thresholds!$F$14)*1+(Heatmap_Year!C180>Thresholds!$F$15)*1+(Heatmap_Year!C197>Thresholds!$F$16)*1+(Heatmap_Year!C214>Thresholds!$F$17)*1>0,"RED",IF((ABS(Heatmap_Year!C10)>Thresholds!$E$5)*1+(Heatmap_Year!C27>Thresholds!$E$6)*1+(Heatmap_Year!C44>Thresholds!$E$7)*1+(Heatmap_Year!C61<Thresholds!$E$8)*1+(Heatmap_Year!C78>Thresholds!$E$9)*1+(ABS(LN(Heatmap_Year!C95))>Thresholds!$E$10)*1+(ABS(LN(Heatmap_Year!C112))>Thresholds!$E$11)*1+(Heatmap_Year!C129<Thresholds!$E$12)*1+(Heatmap_Year!C146>Thresholds!$E$13)*1+(Heatmap_Year!C163>Thresholds!$E$14)*1+(Heatmap_Year!C180>Thresholds!$E$15)*1+(Heatmap_Year!C197>Thresholds!$E$16)*1+(Heatmap_Year!C214>Thresholds!$E$17)*1>0,"AMBER","GREEN")) -> GREEN | D9: =IF((ABS(Heatmap_Year!D10)>Thresholds!$F$5)*1+(Heatmap_Year!D27>Thresholds!$F$6)*1+(Heatmap_Year!D44>Thresholds!$F$7)*1+(Heatmap_Year!D61<Thresholds!$F$8)*1+(Heatmap_Year!D78>Thresholds!$F$9)*1+(ABS(LN(Heatmap_Year!D95))>Thresholds!$F$10)*1+(ABS(LN(Heatmap_Year!D112))>Thresholds!$F$11)*1+(Heatmap_Year!D129<Thresholds!$F$12)*1+(Heatmap_Year!D146>Thresholds!$F$13)*1+(Heatmap_Year!D163>Thresholds!$F$14)*1+(Heatmap_Year!D180>Thresholds!$F$15)*1+(Heatmap_Year!D197>Thresholds!$F$16)*1+(Heatmap_Year!D214>Thresholds!$F$17)*1>0,"RED",IF((ABS(Heatmap_Year!D10)>Thresholds!$E$5)*1+(Heatmap_Year!D27>Thresholds!$E$6)*1+(Heatmap_Year!D44>Thresholds!$E$7)*1+(Heatmap_Year!D61<Thresholds!$E$8)*1+(Heatmap_Year!D78>Thresholds!$E$9)*1+(ABS(LN(Heatmap_Year!D95))>Thresholds!$E$10)*1+(ABS(LN(Heatmap_Year!D112))>Thresholds!$E$11)*1+(Heatmap_Year!D129<Thresholds!$E$12)*1+(Heatmap_Year!D146>Thresholds!$E$13)*1+(Heatmap_Year!D163>Thresholds!$E$14)*1+(Heatmap_Year!D180>Thresholds!$E$15)*1+(Heatmap_Year!D197>Thresholds!$E$16)*1+(Heatmap_Year!D214>Thresholds!$E$17)*1>0,"AMBER","GREEN")) -> GREEN | E9: =IF((ABS(Heatmap_Year!E10)>Thresholds!$F$5)*1+(Heatmap_Year!E27>Thresholds!$F$6)*1+(Heatmap_Year!E44>Thresholds!$F$7)*1+(Heatmap_Year!E61<Thresholds!$F$8)*1+(Heatmap_Year!E78>Thresholds!$F$9)*1+(ABS(LN(Heatmap_Year!E95))>Thresholds!$F$10)*1+(ABS(LN(Heatmap_Year!E112))>Thresholds!$F$11)*1+(Heatmap_Year!E129<Thresholds!$F$12)*1+(Heatmap_Year!E146>Thresholds!$F$13)*1+(Heatmap_Year!E163>Thresholds!$F$14)*1+(Heatmap_Year!E180>Thresholds!$F$15)*1+(Heatmap_Year!E197>Thresholds!$F$16)*1+(Heatmap_Year!E214>Thresholds!$F$17)*1>0,"RED",IF((ABS(Heatmap_Year!E10)>Thresholds!$E$5)*1+(Heatmap_Year!E27>Thresholds!$E$6)*1+(Heatmap_Year!E44>Thresholds!$E$7)*1+(Heatmap_Year!E61<Thresholds!$E$8)*1+(Heatmap_Year!E78>Thresholds!$E$9)*1+(ABS(LN(Heatmap_Year!E95))>Thresholds!$E$10)*1+(ABS(LN(Heatmap_Year!E112))>Thresholds!$E$11)*1+(Heatmap_Year!E129<Thresholds!$E$12)*1+(Heatmap_Year!E146>Thresholds!$E$13)*1+(Heatmap_Year!E163>Thresholds!$E$14)*1+(Heatmap_Year!E180>Thresholds!$E$15)*1+(Heatmap_Year!E197>Thresholds!$E$16)*1+(Heatmap_Year!E214>Thresholds!$E$17)*1>0,"AMBER","GREEN")) -> GREEN | F9: =IF((ABS(Heatmap_Year!F10)>Thresholds!$F$5)*1+(Heatmap_Year!F27>Thresholds!$F$6)*1+(Heatmap_Year!F44>Thresholds!$F$7)*1+(Heatmap_Year!F61<Thresholds!$F$8)*1+(Heatmap_Year!F78>Thresholds!$F$9)*1+(ABS(LN(Heatmap_Year!F95))>Thresholds!$F$10)*1+(ABS(LN(Heatmap_Year!F112))>Thresholds!$F$11)*1+(Heatmap_Year!F129<Thresholds!$F$12)*1+(Heatmap_Year!F146>Thresholds!$F$13)*1+(Heatmap_Year!F163>Thresholds!$F$14)*1+(Heatmap_Year!F180>Thresholds!$F$15)*1+(Heatmap_Year!F197>Thresholds!$F$16)*1+(Heatmap_Year!F214>Thresholds!$F$17)*1>0,"RED",IF((ABS(Heatmap_Year!F10)>Thresholds!$E$5)*1+(Heatmap_Year!F27>Thresholds!$E$6)*1+(Heatmap_Year!F44>Thresholds!$E$7)*1+(Heatmap_Year!F61<Thresholds!$E$8)*1+(Heatmap_Year!F78>Thresholds!$E$9)*1+(ABS(LN(Heatmap_Year!F95))>Thresholds!$E$10)*1+(ABS(LN(Heatmap_Year!F112))>Thresholds!$E$11)*1+(Heatmap_Year!F129<Thresholds!$E$12)*1+(Heatmap_Year!F146>Thresholds!$E$13)*1+(Heatmap_Year!F163>Thresholds!$E$14)*1+(Heatmap_Year!F180>Thresholds!$E$15)*1+(Heatmap_Year!F197>Thresholds!$E$16)*1+(Heatmap_Year!F214>Thresholds!$E$17)*1>0,"AMBER","GREEN")) -> GREEN | G9: =IF((ABS(Heatmap_Year!G10)>Thresholds!$F$5)*1+(Heatmap_Year!G27>Thresholds!$F$6)*1+(Heatmap_Year!G44>Thresholds!$F$7)*1+(Heatmap_Year!G61<Thresholds!$F$8)*1+(Heatmap_Year!G78>Thresholds!$F$9)*1+(ABS(LN(Heatmap_Year!G95))>Thresholds!$F$10)*1+(ABS(LN(Heatmap_Year!G112))>Thresholds!$F$11)*1+(Heatmap_Year!G129<Thresholds!$F$12)*1+(Heatmap_Year!G146>Thresholds!$F$13)*1+(Heatmap_Year!G163>Thresholds!$F$14)*1+(Heatmap_Year!G180>Thresholds!$F$15)*1+(Heatmap_Year!G197>Thresholds!$F$16)*1+(Heatmap_Year!G214>Thresholds!$F$17)*1>0,"RED",IF((ABS(Heatmap_Year!G10)>Thresholds!$E$5)*1+(Heatmap_Year!G27>Thresholds!$E$6)*1+(Heatmap_Year!G44>Thresholds!$E$7)*1+(Heatmap_Year!G61<Thresholds!$E$8)*1+(Heatmap_Year!G78>Thresholds!$E$9)*1+(ABS(LN(Heatmap_Year!G95))>Thresholds!$E$10)*1+(ABS(LN(Heatmap_Year!G112))>Thresholds!$E$11)*1+(Heatmap_Year!G129<Thresholds!$E$12)*1+(Heatmap_Year!G146>Thresholds!$E$13)*1+(Heatmap_Year!G163>Thresholds!$E$14)*1+(Heatmap_Year!G180>Thresholds!$E$15)*1+(Heatmap_Year!G197>Thresholds!$E$16)*1+(Heatmap_Year!G214>Thresholds!$E$17)*1>0,"AMBER","GREEN")) -> GREEN | H9: =IF((ABS(Heatmap_Year!H10)>Thresholds!$F$5)*1+(Heatmap_Year!H27>Thresholds!$F$6)*1+(Heatmap_Year!H44>Thresholds!$F$7)*1+(Heatmap_Year!H61<Thresholds!$F$8)*1+(Heatmap_Year!H78>Thresholds!$F$9)*1+(ABS(LN(Heatmap_Year!H95))>Thresholds!$F$10)*1+(ABS(LN(Heatmap_Year!H112))>Thresholds!$F$11)*1+(Heatmap_Year!H129<Thresholds!$F$12)*1+(Heatmap_Year!H146>Thresholds!$F$13)*1+(Heatmap_Year!H163>Thresholds!$F$14)*1+(Heatmap_Year!H180>Thresholds!$F$15)*1+(Heatmap_Year!H197>Thresholds!$F$16)*1+(Heatmap_Year!H214>Thresholds!$F$17)*1>0,"RED",IF((ABS(Heatmap_Year!H10)>Thresholds!$E$5)*1+(Heatmap_Year!H27>Thresholds!$E$6)*1+(Heatmap_Year!H44>Thresholds!$E$7)*1+(Heatmap_Year!H61<Thresholds!$E$8)*1+(Heatmap_Year!H78>Thresholds!$E$9)*1+(ABS(LN(Heatmap_Year!H95))>Thresholds!$E$10)*1+(ABS(LN(Heatmap_Year!H112))>Thresholds!$E$11)*1+(Heatmap_Year!H129<Thresholds!$E$12)*1+(Heatmap_Year!H146>Thresholds!$E$13)*1+(Heatmap_Year!H163>Thresholds!$E$14)*1+(Heatmap_Year!H180>Thresholds!$E$15)*1+(Heatmap_Year!H197>Thresholds!$E$16)*1+(Heatmap_Year!H214>Thresholds!$E$17)*1>0,"AMBER","GREEN")) -> GREEN | I9: =IF((ABS(Heatmap_Year!I10)>Thresholds!$F$5)*1+(Heatmap_Year!I27>Thresholds!$F$6)*1+(Heatmap_Year!I44>Thresholds!$F$7)*1+(Heatmap_Year!I61<Thresholds!$F$8)*1+(Heatmap_Year!I78>Thresholds!$F$9)*1+(ABS(LN(Heatmap_Year!I95))>Thresholds!$F$10)*1+(ABS(LN(Heatmap_Year!I112))>Thresholds!$F$11)*1+(Heatmap_Year!I129<Thresholds!$F$12)*1+(Heatmap_Year!I146>Thresholds!$F$13)*1+(Heatmap_Year!I163>Thresholds!$F$14)*1+(Heatmap_Year!I180>Thresholds!$F$15)*1+(Heatmap_Year!I197>Thresholds!$F$16)*1+(Heatmap_Year!I214>Thresholds!$F$17)*1>0,"RED",IF((ABS(Heatmap_Year!I10)>Thresholds!$E$5)*1+(Heatmap_Year!I27>Thresholds!$E$6)*1+(Heatmap_Year!I44>Thresholds!$E$7)*1+(Heatmap_Year!I61<Thresholds!$E$8)*1+(Heatmap_Year!I78>Thresholds!$E$9)*1+(ABS(LN(Heatmap_Year!I95))>Thresholds!$E$10)*1+(ABS(LN(Heatmap_Year!I112))>Thresholds!$E$11)*1+(Heatmap_Year!I129<Thresholds!$E$12)*1+(Heatmap_Year!I146>Thresholds!$E$13)*1+(Heatmap_Year!I163>Thresholds!$E$14)*1+(Heatmap_Year!I180>Thresholds!$E$15)*1+(Heatmap_Year!I197>Thresholds!$E$16)*1+(Heatmap_Year!I214>Thresholds!$E$17)*1>0,"AMBER","GREEN")) -> GREEN | K9: 1M | L9: =IF(ABS(Heatmap_Year!B10)>Thresholds!$F$5,"Bias ","")&IF(Heatmap_Year!B27>Thresholds!$F$6,"MaxSpread ","")&IF(Heatmap_Year!B44>Thresholds!$F$7,"Outlier ","")&IF(Heatmap_Year!B61<Thresholds!$F$8,"Spearman ","")&IF(Heatmap_Year!B78>Thresholds!$F$9,"KS ","")&IF(ABS(LN(Heatmap_Year!B95))>Thresholds!$F$10,"Vol ","")&IF(ABS(LN(Heatmap_Year!B112))>Thresholds!$F$11,"Tail ","")&IF(Heatmap_Year!B129<Thresholds!$F$12,"Direction ","")&IF(Heatmap_Year!B146>Thresholds!$F$13,"Stale% ","")&IF(Heatmap_Year!B163>Thresholds!$F$14,"StaleRun ","")&IF(Heatmap_Year!B180>Thresholds!$F$15,"TrendGap ","")&IF(Heatmap_Year!B197>Thresholds!$F$16,"OppTrend ","")&IF(Heatmap_Year!B214>Thresholds!$F$17,"Shape ","") | M9: =IF(ABS(Heatmap_Year!C10)>Thresholds!$F$5,"Bias ","")&IF(Heatmap_Year!C27>Thresholds!$F$6,"MaxSpread ","")&IF(Heatmap_Year!C44>Thresholds!$F$7,"Outlier ","")&IF(Heatmap_Year!C61<Thresholds!$F$8,"Spearman ","")&IF(Heatmap_Year!C78>Thresholds!$F$9,"KS ","")&IF(ABS(LN(Heatmap_Year!C95))>Thresholds!$F$10,"Vol ","")&IF(ABS(LN(Heatmap_Year!C112))>Thresholds!$F$11,"Tail ","")&IF(Heatmap_Year!C129<Thresholds!$F$12,"Direction ","")&IF(Heatmap_Year!C146>Thresholds!$F$13,"Stale% ","")&IF(Heatmap_Year!C163>Thresholds!$F$14,"StaleRun ","")&IF(Heatmap_Year!C180>Thresholds!$F$15,"TrendGap ","")&IF(Heatmap_Year!C197>Thresholds!$F$16,"OppTrend ","")&IF(Heatmap_Year!C214>Thresholds!$F$17,"Shape ","") | N9: =IF(ABS(Heatmap_Year!D10)>Thresholds!$F$5,"Bias ","")&IF(Heatmap_Year!D27>Thresholds!$F$6,"MaxSpread ","")&IF(Heatmap_Year!D44>Thresholds!$F$7,"Outlier ","")&IF(Heatmap_Year!D61<Thresholds!$F$8,"Spearman ","")&IF(Heatmap_Year!D78>Thresholds!$F$9,"KS ","")&IF(ABS(LN(Heatmap_Year!D95))>Thresholds!$F$10,"Vol ","")&IF(ABS(LN(Heatmap_Year!D112))>Thresholds!$F$11,"Tail ","")&IF(Heatmap_Year!D129<Thresholds!$F$12,"Direction ","")&IF(Heatmap_Year!D146>Thresholds!$F$13,"Stale% ","")&IF(Heatmap_Year!D163>Thresholds!$F$14,"StaleRun ","")&IF(Heatmap_Year!D180>Thresholds!$F$15,"TrendGap ","")&IF(Heatmap_Year!D197>Thresholds!$F$16,"OppTrend ","")&IF(Heatmap_Year!D214>Thresholds!$F$17,"Shape ","") | O9: =IF(ABS(Heatmap_Year!E10)>Thresholds!$F$5,"Bias ","")&IF(Heatmap_Year!E27>Thresholds!$F$6,"MaxSpread ","")&IF(Heatmap_Year!E44>Thresholds!$F$7,"Outlier ","")&IF(Heatmap_Year!E61<Thresholds!$F$8,"Spearman ","")&IF(Heatmap_Year!E78>Thresholds!$F$9,"KS ","")&IF(ABS(LN(Heatmap_Year!E95))>Thresholds!$F$10,"Vol ","")&IF(ABS(LN(Heatmap_Year!E112))>Thresholds!$F$11,"Tail ","")&IF(Heatmap_Year!E129<Thresholds!$F$12,"Direction ","")&IF(Heatmap_Year!E146>Thresholds!$F$13,"Stale% ","")&IF(Heatmap_Year!E163>Thresholds!$F$14,"StaleRun ","")&IF(Heatmap_Year!E180>Thresholds!$F$15,"TrendGap ","")&IF(Heatmap_Year!E197>Thresholds!$F$16,"OppTrend ","")&IF(Heatmap_Year!E214>Thresholds!$F$17,"Shape ","") | P9: =IF(ABS(Heatmap_Year!F10)>Thresholds!$F$5,"Bias ","")&IF(Heatmap_Year!F27>Thresholds!$F$6,"MaxSpread ","")&IF(Heatmap_Year!F44>Thresholds!$F$7,"Outlier ","")&IF(Heatmap_Year!F61<Thresholds!$F$8,"Spearman ","")&IF(Heatmap_Year!F78>Thresholds!$F$9,"KS ","")&IF(ABS(LN(Heatmap_Year!F95))>Thresholds!$F$10,"Vol ","")&IF(ABS(LN(Heatmap_Year!F112))>Thresholds!$F$11,"Tail ","")&IF(Heatmap_Year!F129<Thresholds!$F$12,"Direction ","")&IF(Heatmap_Year!F146>Thresholds!$F$13,"Stale% ","")&IF(Heatmap_Year!F163>Thresholds!$F$14,"StaleRun ","")&IF(Heatmap_Year!F180>Thresholds!$F$15,"TrendGap ","")&IF(Heatmap_Year!F197>Thresholds!$F$16,"OppTrend ","")&IF(Heatmap_Year!F214>Thresholds!$F$17,"Shape ","") | Q9: =IF(ABS(Heatmap_Year!G10)>Thresholds!$F$5,"Bias ","")&IF(Heatmap_Year!G27>Thresholds!$F$6,"MaxSpread ","")&IF(Heatmap_Year!G44>Thresholds!$F$7,"Outlier ","")&IF(Heatmap_Year!G61<Thresholds!$F$8,"Spearman ","")&IF(Heatmap_Year!G78>Thresholds!$F$9,"KS ","")&IF(ABS(LN(Heatmap_Year!G95))>Thresholds!$F$10,"Vol ","")&IF(ABS(LN(Heatmap_Year!G112))>Thresholds!$F$11,"Tail ","")&IF(Heatmap_Year!G129<Thresholds!$F$12,"Direction ","")&IF(Heatmap_Year!G146>Thresholds!$F$13,"Stale% ","")&IF(Heatmap_Year!G163>Thresholds!$F$14,"StaleRun ","")&IF(Heatmap_Year!G180>Thresholds!$F$15,"TrendGap ","")&IF(Heatmap_Year!G197>Thresholds!$F$16,"OppTrend ","")&IF(Heatmap_Year!G214>Thresholds!$F$17,"Shape ","") | R9: =IF(ABS(Heatmap_Year!H10)>Thresholds!$F$5,"Bias ","")&IF(Heatmap_Year!H27>Thresholds!$F$6,"MaxSpread ","")&IF(Heatmap_Year!H44>Thresholds!$F$7,"Outlier ","")&IF(Heatmap_Year!H61<Thresholds!$F$8,"Spearman ","")&IF(Heatmap_Year!H78>Thresholds!$F$9,"KS ","")&IF(ABS(LN(Heatmap_Year!H95))>Thresholds!$F$10,"Vol ","")&IF(ABS(LN(Heatmap_Year!H112))>Thresholds!$F$11,"Tail ","")&IF(Heatmap_Year!H129<Thresholds!$F$12,"Direction ","")&IF(Heatmap_Year!H146>Thresholds!$F$13,"Stale% ","")&IF(Heatmap_Year!H163>Thresholds!$F$14,"StaleRun ","")&IF(Heatmap_Year!H180>Thresholds!$F$15,"TrendGap ","")&IF(Heatmap_Year!H197>Thresholds!$F$16,"OppTrend ","")&IF(Heatmap_Year!H214>Thresholds!$F$17,"Shape ","") | S9: =IF(ABS(Heatmap_Year!I10)>Thresholds!$F$5,"Bias ","")&IF(Heatmap_Year!I27>Thresholds!$F$6,"MaxSpread ","")&IF(Heatmap_Year!I44>Thresholds!$F$7,"Outlier ","")&IF(Heatmap_Year!I61<Thresholds!$F$8,"Spearman ","")&IF(Heatmap_Year!I78>Thresholds!$F$9,"KS ","")&IF(ABS(LN(Heatmap_Year!I95))>Thresholds!$F$10,"Vol ","")&IF(ABS(LN(Heatmap_Year!I112))>Thresholds!$F$11,"Tail ","")&IF(Heatmap_Year!I129<Thresholds!$F$12,"Direction ","")&IF(Heatmap_Year!I146>Thresholds!$F$13,"Stale% ","")&IF(Heatmap_Year!I163>Thresholds!$F$14,"StaleRun ","")&IF(Heatmap_Year!I180>Thresholds!$F$15,"TrendGap ","")&IF(Heatmap_Year!I197>Thresholds!$F$16,"OppTrend ","")&IF(Heatmap_Year!I214>Thresholds!$F$17,"Shape ","")
A10: 2M | B10: =IF((ABS(Heatmap_Year!B11)>Thresholds!$F$5)*1+(Heatmap_Year!B28>Thresholds!$F$6)*1+(Heatmap_Year!B45>Thresholds!$F$7)*1+(Heatmap_Year!B62<Thresholds!$F$8)*1+(Heatmap_Year!B79>Thresholds!$F$9)*1+(ABS(LN(Heatmap_Year!B96))>Thresholds!$F$10)*1+(ABS(LN(Heatmap_Year!B113))>Thresholds!$F$11)*1+(Heatmap_Year!B130<Thresholds!$F$12)*1+(Heatmap_Year!B147>Thresholds!$F$13)*1+(Heatmap_Year!B164>Thresholds!$F$14)*1+(Heatmap_Year!B181>Thresholds!$F$15)*1+(Heatmap_Year!B198>Thresholds!$F$16)*1+(Heatmap_Year!B215>Thresholds!$F$17)*1>0,"RED",IF((ABS(Heatmap_Year!B11)>Thresholds!$E$5)*1+(Heatmap_Year!B28>Thresholds!$E$6)*1+(Heatmap_Year!B45>Thresholds!$E$7)*1+(Heatmap_Year!B62<Thresholds!$E$8)*1+(Heatmap_Year!B79>Thresholds!$E$9)*1+(ABS(LN(Heatmap_Year!B96))>Thresholds!$E$10)*1+(ABS(LN(Heatmap_Year!B113))>Thresholds!$E$11)*1+(Heatmap_Year!B130<Thresholds!$E$12)*1+(Heatmap_Year!B147>Thresholds!$E$13)*1+(Heatmap_Year!B164>Thresholds!$E$14)*1+(Heatmap_Year!B181>Thresholds!$E$15)*1+(Heatmap_Year!B198>Thresholds!$E$16)*1+(Heatmap_Year!B215>Thresholds!$E$17)*1>0,"AMBER","GREEN")) -> GREEN | C10: =IF((ABS(Heatmap_Year!C11)>Thresholds!$F$5)*1+(Heatmap_Year!C28>Thresholds!$F$6)*1+(Heatmap_Year!C45>Thresholds!$F$7)*1+(Heatmap_Year!C62<Thresholds!$F$8)*1+(Heatmap_Year!C79>Thresholds!$F$9)*1+(ABS(LN(Heatmap_Year!C96))>Thresholds!$F$10)*1+(ABS(LN(Heatmap_Year!C113))>Thresholds!$F$11)*1+(Heatmap_Year!C130<Thresholds!$F$12)*1+(Heatmap_Year!C147>Thresholds!$F$13)*1+(Heatmap_Year!C164>Thresholds!$F$14)*1+(Heatmap_Year!C181>Thresholds!$F$15)*1+(Heatmap_Year!C198>Thresholds!$F$16)*1+(Heatmap_Year!C215>Thresholds!$F$17)*1>0,"RED",IF((ABS(Heatmap_Year!C11)>Thresholds!$E$5)*1+(Heatmap_Year!C28>Thresholds!$E$6)*1+(Heatmap_Year!C45>Thresholds!$E$7)*1+(Heatmap_Year!C62<Thresholds!$E$8)*1+(Heatmap_Year!C79>Thresholds!$E$9)*1+(ABS(LN(Heatmap_Year!C96))>Thresholds!$E$10)*1+(ABS(LN(Heatmap_Year!C113))>Thresholds!$E$11)*1+(Heatmap_Year!C130<Thresholds!$E$12)*1+(Heatmap_Year!C147>Thresholds!$E$13)*1+(Heatmap_Year!C164>Thresholds!$E$14)*1+(Heatmap_Year!C181>Thresholds!$E$15)*1+(Heatmap_Year!C198>Thresholds!$E$16)*1+(Heatmap_Year!C215>Thresholds!$E$17)*1>0,"AMBER","GREEN")) -> GREEN | D10: =IF((ABS(Heatmap_Year!D11)>Thresholds!$F$5)*1+(Heatmap_Year!D28>Thresholds!$F$6)*1+(Heatmap_Year!D45>Thresholds!$F$7)*1+(Heatmap_Year!D62<Thresholds!$F$8)*1+(Heatmap_Year!D79>Thresholds!$F$9)*1+(ABS(LN(Heatmap_Year!D96))>Thresholds!$F$10)*1+(ABS(LN(Heatmap_Year!D113))>Thresholds!$F$11)*1+(Heatmap_Year!D130<Thresholds!$F$12)*1+(Heatmap_Year!D147>Thresholds!$F$13)*1+(Heatmap_Year!D164>Thresholds!$F$14)*1+(Heatmap_Year!D181>Thresholds!$F$15)*1+(Heatmap_Year!D198>Thresholds!$F$16)*1+(Heatmap_Year!D215>Thresholds!$F$17)*1>0,"RED",IF((ABS(Heatmap_Year!D11)>Thresholds!$E$5)*1+(Heatmap_Year!D28>Thresholds!$E$6)*1+(Heatmap_Year!D45>Thresholds!$E$7)*1+(Heatmap_Year!D62<Thresholds!$E$8)*1+(Heatmap_Year!D79>Thresholds!$E$9)*1+(ABS(LN(Heatmap_Year!D96))>Thresholds!$E$10)*1+(ABS(LN(Heatmap_Year!D113))>Thresholds!$E$11)*1+(Heatmap_Year!D130<Thresholds!$E$12)*1+(Heatmap_Year!D147>Thresholds!$E$13)*1+(Heatmap_Year!D164>Thresholds!$E$14)*1+(Heatmap_Year!D181>Thresholds!$E$15)*1+(Heatmap_Year!D198>Thresholds!$E$16)*1+(Heatmap_Year!D215>Thresholds!$E$17)*1>0,"AMBER","GREEN")) -> GREEN | E10: =IF((ABS(Heatmap_Year!E11)>Thresholds!$F$5)*1+(Heatmap_Year!E28>Thresholds!$F$6)*1+(Heatmap_Year!E45>Thresholds!$F$7)*1+(Heatmap_Year!E62<Thresholds!$F$8)*1+(Heatmap_Year!E79>Thresholds!$F$9)*1+(ABS(LN(Heatmap_Year!E96))>Thresholds!$F$10)*1+(ABS(LN(Heatmap_Year!E113))>Thresholds!$F$11)*1+(Heatmap_Year!E130<Thresholds!$F$12)*1+(Heatmap_Year!E147>Thresholds!$F$13)*1+(Heatmap_Year!E164>Thresholds!$F$14)*1+(Heatmap_Year!E181>Thresholds!$F$15)*1+(Heatmap_Year!E198>Thresholds!$F$16)*1+(Heatmap_Year!E215>Thresholds!$F$17)*1>0,"RED",IF((ABS(Heatmap_Year!E11)>Thresholds!$E$5)*1+(Heatmap_Year!E28>Thresholds!$E$6)*1+(Heatmap_Year!E45>Thresholds!$E$7)*1+(Heatmap_Year!E62<Thresholds!$E$8)*1+(Heatmap_Year!E79>Thresholds!$E$9)*1+(ABS(LN(Heatmap_Year!E96))>Thresholds!$E$10)*1+(ABS(LN(Heatmap_Year!E113))>Thresholds!$E$11)*1+(Heatmap_Year!E130<Thresholds!$E$12)*1+(Heatmap_Year!E147>Thresholds!$E$13)*1+(Heatmap_Year!E164>Thresholds!$E$14)*1+(Heatmap_Year!E181>Thresholds!$E$15)*1+(Heatmap_Year!E198>Thresholds!$E$16)*1+(Heatmap_Year!E215>Thresholds!$E$17)*1>0,"AMBER","GREEN")) -> GREEN | F10: =IF((ABS(Heatmap_Year!F11)>Thresholds!$F$5)*1+(Heatmap_Year!F28>Thresholds!$F$6)*1+(Heatmap_Year!F45>Thresholds!$F$7)*1+(Heatmap_Year!F62<Thresholds!$F$8)*1+(Heatmap_Year!F79>Thresholds!$F$9)*1+(ABS(LN(Heatmap_Year!F96))>Thresholds!$F$10)*1+(ABS(LN(Heatmap_Year!F113))>Thresholds!$F$11)*1+(Heatmap_Year!F130<Thresholds!$F$12)*1+(Heatmap_Year!F147>Thresholds!$F$13)*1+(Heatmap_Year!F164>Thresholds!$F$14)*1+(Heatmap_Year!F181>Thresholds!$F$15)*1+(Heatmap_Year!F198>Thresholds!$F$16)*1+(Heatmap_Year!F215>Thresholds!$F$17)*1>0,"RED",IF((ABS(Heatmap_Year!F11)>Thresholds!$E$5)*1+(Heatmap_Year!F28>Thresholds!$E$6)*1+(Heatmap_Year!F45>Thresholds!$E$7)*1+(Heatmap_Year!F62<Thresholds!$E$8)*1+(Heatmap_Year!F79>Thresholds!$E$9)*1+(ABS(LN(Heatmap_Year!F96))>Thresholds!$E$10)*1+(ABS(LN(Heatmap_Year!F113))>Thresholds!$E$11)*1+(Heatmap_Year!F130<Thresholds!$E$12)*1+(Heatmap_Year!F147>Thresholds!$E$13)*1+(Heatmap_Year!F164>Thresholds!$E$14)*1+(Heatmap_Year!F181>Thresholds!$E$15)*1+(Heatmap_Year!F198>Thresholds!$E$16)*1+(Heatmap_Year!F215>Thresholds!$E$17)*1>0,"AMBER","GREEN")) -> GREEN | G10: =IF((ABS(Heatmap_Year!G11)>Thresholds!$F$5)*1+(Heatmap_Year!G28>Thresholds!$F$6)*1+(Heatmap_Year!G45>Thresholds!$F$7)*1+(Heatmap_Year!G62<Thresholds!$F$8)*1+(Heatmap_Year!G79>Thresholds!$F$9)*1+(ABS(LN(Heatmap_Year!G96))>Thresholds!$F$10)*1+(ABS(LN(Heatmap_Year!G113))>Thresholds!$F$11)*1+(Heatmap_Year!G130<Thresholds!$F$12)*1+(Heatmap_Year!G147>Thresholds!$F$13)*1+(Heatmap_Year!G164>Thresholds!$F$14)*1+(Heatmap_Year!G181>Thresholds!$F$15)*1+(Heatmap_Year!G198>Thresholds!$F$16)*1+(Heatmap_Year!G215>Thresholds!$F$17)*1>0,"RED",IF((ABS(Heatmap_Year!G11)>Thresholds!$E$5)*1+(Heatmap_Year!G28>Thresholds!$E$6)*1+(Heatmap_Year!G45>Thresholds!$E$7)*1+(Heatmap_Year!G62<Thresholds!$E$8)*1+(Heatmap_Year!G79>Thresholds!$E$9)*1+(ABS(LN(Heatmap_Year!G96))>Thresholds!$E$10)*1+(ABS(LN(Heatmap_Year!G113))>Thresholds!$E$11)*1+(Heatmap_Year!G130<Thresholds!$E$12)*1+(Heatmap_Year!G147>Thresholds!$E$13)*1+(Heatmap_Year!G164>Thresholds!$E$14)*1+(Heatmap_Year!G181>Thresholds!$E$15)*1+(Heatmap_Year!G198>Thresholds!$E$16)*1+(Heatmap_Year!G215>Thresholds!$E$17)*1>0,"AMBER","GREEN")) -> GREEN | H10: =IF((ABS(Heatmap_Year!H11)>Thresholds!$F$5)*1+(Heatmap_Year!H28>Thresholds!$F$6)*1+(Heatmap_Year!H45>Thresholds!$F$7)*1+(Heatmap_Year!H62<Thresholds!$F$8)*1+(Heatmap_Year!H79>Thresholds!$F$9)*1+(ABS(LN(Heatmap_Year!H96))>Thresholds!$F$10)*1+(ABS(LN(Heatmap_Year!H113))>Thresholds!$F$11)*1+(Heatmap_Year!H130<Thresholds!$F$12)*1+(Heatmap_Year!H147>Thresholds!$F$13)*1+(Heatmap_Year!H164>Thresholds!$F$14)*1+(Heatmap_Year!H181>Thresholds!$F$15)*1+(Heatmap_Year!H198>Thresholds!$F$16)*1+(Heatmap_Year!H215>Thresholds!$F$17)*1>0,"RED",IF((ABS(Heatmap_Year!H11)>Thresholds!$E$5)*1+(Heatmap_Year!H28>Thresholds!$E$6)*1+(Heatmap_Year!H45>Thresholds!$E$7)*1+(Heatmap_Year!H62<Thresholds!$E$8)*1+(Heatmap_Year!H79>Thresholds!$E$9)*1+(ABS(LN(Heatmap_Year!H96))>Thresholds!$E$10)*1+(ABS(LN(Heatmap_Year!H113))>Thresholds!$E$11)*1+(Heatmap_Year!H130<Thresholds!$E$12)*1+(Heatmap_Year!H147>Thresholds!$E$13)*1+(Heatmap_Year!H164>Thresholds!$E$14)*1+(Heatmap_Year!H181>Thresholds!$E$15)*1+(Heatmap_Year!H198>Thresholds!$E$16)*1+(Heatmap_Year!H215>Thresholds!$E$17)*1>0,"AMBER","GREEN")) -> GREEN | I10: =IF((ABS(Heatmap_Year!I11)>Thresholds!$F$5)*1+(Heatmap_Year!I28>Thresholds!$F$6)*1+(Heatmap_Year!I45>Thresholds!$F$7)*1+(Heatmap_Year!I62<Thresholds!$F$8)*1+(Heatmap_Year!I79>Thresholds!$F$9)*1+(ABS(LN(Heatmap_Year!I96))>Thresholds!$F$10)*1+(ABS(LN(Heatmap_Year!I113))>Thresholds!$F$11)*1+(Heatmap_Year!I130<Thresholds!$F$12)*1+(Heatmap_Year!I147>Thresholds!$F$13)*1+(Heatmap_Year!I164>Thresholds!$F$14)*1+(Heatmap_Year!I181>Thresholds!$F$15)*1+(Heatmap_Year!I198>Thresholds!$F$16)*1+(Heatmap_Year!I215>Thresholds!$F$17)*1>0,"RED",IF((ABS(Heatmap_Year!I11)>Thresholds!$E$5)*1+(Heatmap_Year!I28>Thresholds!$E$6)*1+(Heatmap_Year!I45>Thresholds!$E$7)*1+(Heatmap_Year!I62<Thresholds!$E$8)*1+(Heatmap_Year!I79>Thresholds!$E$9)*1+(ABS(LN(Heatmap_Year!I96))>Thresholds!$E$10)*1+(ABS(LN(Heatmap_Year!I113))>Thresholds!$E$11)*1+(Heatmap_Year!I130<Thresholds!$E$12)*1+(Heatmap_Year!I147>Thresholds!$E$13)*1+(Heatmap_Year!I164>Thresholds!$E$14)*1+(Heatmap_Year!I181>Thresholds!$E$15)*1+(Heatmap_Year!I198>Thresholds!$E$16)*1+(Heatmap_Year!I215>Thresholds!$E$17)*1>0,"AMBER","GREEN")) -> GREEN | K10: 2M | L10: =IF(ABS(Heatmap_Year!B11)>Thresholds!$F$5,"Bias ","")&IF(Heatmap_Year!B28>Thresholds!$F$6,"MaxSpread ","")&IF(Heatmap_Year!B45>Thresholds!$F$7,"Outlier ","")&IF(Heatmap_Year!B62<Thresholds!$F$8,"Spearman ","")&IF(Heatmap_Year!B79>Thresholds!$F$9,"KS ","")&IF(ABS(LN(Heatmap_Year!B96))>Thresholds!$F$10,"Vol ","")&IF(ABS(LN(Heatmap_Year!B113))>Thresholds!$F$11,"Tail ","")&IF(Heatmap_Year!B130<Thresholds!$F$12,"Direction ","")&IF(Heatmap_Year!B147>Thresholds!$F$13,"Stale% ","")&IF(Heatmap_Year!B164>Thresholds!$F$14,"StaleRun ","")&IF(Heatmap_Year!B181>Thresholds!$F$15,"TrendGap ","")&IF(Heatmap_Year!B198>Thresholds!$F$16,"OppTrend ","")&IF(Heatmap_Year!B215>Thresholds!$F$17,"Shape ","") | M10: =IF(ABS(Heatmap_Year!C11)>Thresholds!$F$5,"Bias ","")&IF(Heatmap_Year!C28>Thresholds!$F$6,"MaxSpread ","")&IF(Heatmap_Year!C45>Thresholds!$F$7,"Outlier ","")&IF(Heatmap_Year!C62<Thresholds!$F$8,"Spearman ","")&IF(Heatmap_Year!C79>Thresholds!$F$9,"KS ","")&IF(ABS(LN(Heatmap_Year!C96))>Thresholds!$F$10,"Vol ","")&IF(ABS(LN(Heatmap_Year!C113))>Thresholds!$F$11,"Tail ","")&IF(Heatmap_Year!C130<Thresholds!$F$12,"Direction ","")&IF(Heatmap_Year!C147>Thresholds!$F$13,"Stale% ","")&IF(Heatmap_Year!C164>Thresholds!$F$14,"StaleRun ","")&IF(Heatmap_Year!C181>Thresholds!$F$15,"TrendGap ","")&IF(Heatmap_Year!C198>Thresholds!$F$16,"OppTrend ","")&IF(Heatmap_Year!C215>Thresholds!$F$17,"Shape ","") | N10: =IF(ABS(Heatmap_Year!D11)>Thresholds!$F$5,"Bias ","")&IF(Heatmap_Year!D28>Thresholds!$F$6,"MaxSpread ","")&IF(Heatmap_Year!D45>Thresholds!$F$7,"Outlier ","")&IF(Heatmap_Year!D62<Thresholds!$F$8,"Spearman ","")&IF(Heatmap_Year!D79>Thresholds!$F$9,"KS ","")&IF(ABS(LN(Heatmap_Year!D96))>Thresholds!$F$10,"Vol ","")&IF(ABS(LN(Heatmap_Year!D113))>Thresholds!$F$11,"Tail ","")&IF(Heatmap_Year!D130<Thresholds!$F$12,"Direction ","")&IF(Heatmap_Year!D147>Thresholds!$F$13,"Stale% ","")&IF(Heatmap_Year!D164>Thresholds!$F$14,"StaleRun ","")&IF(Heatmap_Year!D181>Thresholds!$F$15,"TrendGap ","")&IF(Heatmap_Year!D198>Thresholds!$F$16,"OppTrend ","")&IF(Heatmap_Year!D215>Thresholds!$F$17,"Shape ","") | O10: =IF(ABS(Heatmap_Year!E11)>Thresholds!$F$5,"Bias ","")&IF(Heatmap_Year!E28>Thresholds!$F$6,"MaxSpread ","")&IF(Heatmap_Year!E45>Thresholds!$F$7,"Outlier ","")&IF(Heatmap_Year!E62<Thresholds!$F$8,"Spearman ","")&IF(Heatmap_Year!E79>Thresholds!$F$9,"KS ","")&IF(ABS(LN(Heatmap_Year!E96))>Thresholds!$F$10,"Vol ","")&IF(ABS(LN(Heatmap_Year!E113))>Thresholds!$F$11,"Tail ","")&IF(Heatmap_Year!E130<Thresholds!$F$12,"Direction ","")&IF(Heatmap_Year!E147>Thresholds!$F$13,"Stale% ","")&IF(Heatmap_Year!E164>Thresholds!$F$14,"StaleRun ","")&IF(Heatmap_Year!E181>Thresholds!$F$15,"TrendGap ","")&IF(Heatmap_Year!E198>Thresholds!$F$16,"OppTrend ","")&IF(Heatmap_Year!E215>Thresholds!$F$17,"Shape ","") | P10: =IF(ABS(Heatmap_Year!F11)>Thresholds!$F$5,"Bias ","")&IF(Heatmap_Year!F28>Thresholds!$F$6,"MaxSpread ","")&IF(Heatmap_Year!F45>Thresholds!$F$7,"Outlier ","")&IF(Heatmap_Year!F62<Thresholds!$F$8,"Spearman ","")&IF(Heatmap_Year!F79>Thresholds!$F$9,"KS ","")&IF(ABS(LN(Heatmap_Year!F96))>Thresholds!$F$10,"Vol ","")&IF(ABS(LN(Heatmap_Year!F113))>Thresholds!$F$11,"Tail ","")&IF(Heatmap_Year!F130<Thresholds!$F$12,"Direction ","")&IF(Heatmap_Year!F147>Thresholds!$F$13,"Stale% ","")&IF(Heatmap_Year!F164>Thresholds!$F$14,"StaleRun ","")&IF(Heatmap_Year!F181>Thresholds!$F$15,"TrendGap ","")&IF(Heatmap_Year!F198>Thresholds!$F$16,"OppTrend ","")&IF(Heatmap_Year!F215>Thresholds!$F$17,"Shape ","") | Q10: =IF(ABS(Heatmap_Year!G11)>Thresholds!$F$5,"Bias ","")&IF(Heatmap_Year!G28>Thresholds!$F$6,"MaxSpread ","")&IF(Heatmap_Year!G45>Thresholds!$F$7,"Outlier ","")&IF(Heatmap_Year!G62<Thresholds!$F$8,"Spearman ","")&IF(Heatmap_Year!G79>Thresholds!$F$9,"KS ","")&IF(ABS(LN(Heatmap_Year!G96))>Thresholds!$F$10,"Vol ","")&IF(ABS(LN(Heatmap_Year!G113))>Thresholds!$F$11,"Tail ","")&IF(Heatmap_Year!G130<Thresholds!$F$12,"Direction ","")&IF(Heatmap_Year!G147>Thresholds!$F$13,"Stale% ","")&IF(Heatmap_Year!G164>Thresholds!$F$14,"StaleRun ","")&IF(Heatmap_Year!G181>Thresholds!$F$15,"TrendGap ","")&IF(Heatmap_Year!G198>Thresholds!$F$16,"OppTrend ","")&IF(Heatmap_Year!G215>Thresholds!$F$17,"Shape ","") | R10: =IF(ABS(Heatmap_Year!H11)>Thresholds!$F$5,"Bias ","")&IF(Heatmap_Year!H28>Thresholds!$F$6,"MaxSpread ","")&IF(Heatmap_Year!H45>Thresholds!$F$7,"Outlier ","")&IF(Heatmap_Year!H62<Thresholds!$F$8,"Spearman ","")&IF(Heatmap_Year!H79>Thresholds!$F$9,"KS ","")&IF(ABS(LN(Heatmap_Year!H96))>Thresholds!$F$10,"Vol ","")&IF(ABS(LN(Heatmap_Year!H113))>Thresholds!$F$11,"Tail ","")&IF(Heatmap_Year!H130<Thresholds!$F$12,"Direction ","")&IF(Heatmap_Year!H147>Thresholds!$F$13,"Stale% ","")&IF(Heatmap_Year!H164>Thresholds!$F$14,"StaleRun ","")&IF(Heatmap_Year!H181>Thresholds!$F$15,"TrendGap ","")&IF(Heatmap_Year!H198>Thresholds!$F$16,"OppTrend ","")&IF(Heatmap_Year!H215>Thresholds!$F$17,"Shape ","") | S10: =IF(ABS(Heatmap_Year!I11)>Thresholds!$F$5,"Bias ","")&IF(Heatmap_Year!I28>Thresholds!$F$6,"MaxSpread ","")&IF(Heatmap_Year!I45>Thresholds!$F$7,"Outlier ","")&IF(Heatmap_Year!I62<Thresholds!$F$8,"Spearman ","")&IF(Heatmap_Year!I79>Thresholds!$F$9,"KS ","")&IF(ABS(LN(Heatmap_Year!I96))>Thresholds!$F$10,"Vol ","")&IF(ABS(LN(Heatmap_Year!I113))>Thresholds!$F$11,"Tail ","")&IF(Heatmap_Year!I130<Thresholds!$F$12,"Direction ","")&IF(Heatmap_Year!I147>Thresholds!$F$13,"Stale% ","")&IF(Heatmap_Year!I164>Thresholds!$F$14,"StaleRun ","")&IF(Heatmap_Year!I181>Thresholds!$F$15,"TrendGap ","")&IF(Heatmap_Year!I198>Thresholds!$F$16,"OppTrend ","")&IF(Heatmap_Year!I215>Thresholds!$F$17,"Shape ","")
A11: 3M | B11: =IF((ABS(Heatmap_Year!B12)>Thresholds!$F$5)*1+(Heatmap_Year!B29>Thresholds!$F$6)*1+(Heatmap_Year!B46>Thresholds!$F$7)*1+(Heatmap_Year!B63<Thresholds!$F$8)*1+(Heatmap_Year!B80>Thresholds!$F$9)*1+(ABS(LN(Heatmap_Year!B97))>Thresholds!$F$10)*1+(ABS(LN(Heatmap_Year!B114))>Thresholds!$F$11)*1+(Heatmap_Year!B131<Thresholds!$F$12)*1+(Heatmap_Year!B148>Thresholds!$F$13)*1+(Heatmap_Year!B165>Thresholds!$F$14)*1+(Heatmap_Year!B182>Thresholds!$F$15)*1+(Heatmap_Year!B199>Thresholds!$F$16)*1+(Heatmap_Year!B216>Thresholds!$F$17)*1>0,"RED",IF((ABS(Heatmap_Year!B12)>Thresholds!$E$5)*1+(Heatmap_Year!B29>Thresholds!$E$6)*1+(Heatmap_Year!B46>Thresholds!$E$7)*1+(Heatmap_Year!B63<Thresholds!$E$8)*1+(Heatmap_Year!B80>Thresholds!$E$9)*1+(ABS(LN(Heatmap_Year!B97))>Thresholds!$E$10)*1+(ABS(LN(Heatmap_Year!B114))>Thresholds!$E$11)*1+(Heatmap_Year!B131<Thresholds!$E$12)*1+(Heatmap_Year!B148>Thresholds!$E$13)*1+(Heatmap_Year!B165>Thresholds!$E$14)*1+(Heatmap_Year!B182>Thresholds!$E$15)*1+(Heatmap_Year!B199>Thresholds!$E$16)*1+(Heatmap_Year!B216>Thresholds!$E$17)*1>0,"AMBER","GREEN")) -> GREEN | C11: =IF((ABS(Heatmap_Year!C12)>Thresholds!$F$5)*1+(Heatmap_Year!C29>Thresholds!$F$6)*1+(Heatmap_Year!C46>Thresholds!$F$7)*1+(Heatmap_Year!C63<Thresholds!$F$8)*1+(Heatmap_Year!C80>Thresholds!$F$9)*1+(ABS(LN(Heatmap_Year!C97))>Thresholds!$F$10)*1+(ABS(LN(Heatmap_Year!C114))>Thresholds!$F$11)*1+(Heatmap_Year!C131<Thresholds!$F$12)*1+(Heatmap_Year!C148>Thresholds!$F$13)*1+(Heatmap_Year!C165>Thresholds!$F$14)*1+(Heatmap_Year!C182>Thresholds!$F$15)*1+(Heatmap_Year!C199>Thresholds!$F$16)*1+(Heatmap_Year!C216>Thresholds!$F$17)*1>0,"RED",IF((ABS(Heatmap_Year!C12)>Thresholds!$E$5)*1+(Heatmap_Year!C29>Thresholds!$E$6)*1+(Heatmap_Year!C46>Thresholds!$E$7)*1+(Heatmap_Year!C63<Thresholds!$E$8)*1+(Heatmap_Year!C80>Thresholds!$E$9)*1+(ABS(LN(Heatmap_Year!C97))>Thresholds!$E$10)*1+(ABS(LN(Heatmap_Year!C114))>Thresholds!$E$11)*1+(Heatmap_Year!C131<Thresholds!$E$12)*1+(Heatmap_Year!C148>Thresholds!$E$13)*1+(Heatmap_Year!C165>Thresholds!$E$14)*1+(Heatmap_Year!C182>Thresholds!$E$15)*1+(Heatmap_Year!C199>Thresholds!$E$16)*1+(Heatmap_Year!C216>Thresholds!$E$17)*1>0,"AMBER","GREEN")) -> GREEN | D11: =IF((ABS(Heatmap_Year!D12)>Thresholds!$F$5)*1+(Heatmap_Year!D29>Thresholds!$F$6)*1+(Heatmap_Year!D46>Thresholds!$F$7)*1+(Heatmap_Year!D63<Thresholds!$F$8)*1+(Heatmap_Year!D80>Thresholds!$F$9)*1+(ABS(LN(Heatmap_Year!D97))>Thresholds!$F$10)*1+(ABS(LN(Heatmap_Year!D114))>Thresholds!$F$11)*1+(Heatmap_Year!D131<Thresholds!$F$12)*1+(Heatmap_Year!D148>Thresholds!$F$13)*1+(Heatmap_Year!D165>Thresholds!$F$14)*1+(Heatmap_Year!D182>Thresholds!$F$15)*1+(Heatmap_Year!D199>Thresholds!$F$16)*1+(Heatmap_Year!D216>Thresholds!$F$17)*1>0,"RED",IF((ABS(Heatmap_Year!D12)>Thresholds!$E$5)*1+(Heatmap_Year!D29>Thresholds!$E$6)*1+(Heatmap_Year!D46>Thresholds!$E$7)*1+(Heatmap_Year!D63<Thresholds!$E$8)*1+(Heatmap_Year!D80>Thresholds!$E$9)*1+(ABS(LN(Heatmap_Year!D97))>Thresholds!$E$10)*1+(ABS(LN(Heatmap_Year!D114))>Thresholds!$E$11)*1+(Heatmap_Year!D131<Thresholds!$E$12)*1+(Heatmap_Year!D148>Thresholds!$E$13)*1+(Heatmap_Year!D165>Thresholds!$E$14)*1+(Heatmap_Year!D182>Thresholds!$E$15)*1+(Heatmap_Year!D199>Thresholds!$E$16)*1+(Heatmap_Year!D216>Thresholds!$E$17)*1>0,"AMBER","GREEN")) -> GREEN | E11: =IF((ABS(Heatmap_Year!E12)>Thresholds!$F$5)*1+(Heatmap_Year!E29>Thresholds!$F$6)*1+(Heatmap_Year!E46>Thresholds!$F$7)*1+(Heatmap_Year!E63<Thresholds!$F$8)*1+(Heatmap_Year!E80>Thresholds!$F$9)*1+(ABS(LN(Heatmap_Year!E97))>Thresholds!$F$10)*1+(ABS(LN(Heatmap_Year!E114))>Thresholds!$F$11)*1+(Heatmap_Year!E131<Thresholds!$F$12)*1+(Heatmap_Year!E148>Thresholds!$F$13)*1+(Heatmap_Year!E165>Thresholds!$F$14)*1+(Heatmap_Year!E182>Thresholds!$F$15)*1+(Heatmap_Year!E199>Thresholds!$F$16)*1+(Heatmap_Year!E216>Thresholds!$F$17)*1>0,"RED",IF((ABS(Heatmap_Year!E12)>Thresholds!$E$5)*1+(Heatmap_Year!E29>Thresholds!$E$6)*1+(Heatmap_Year!E46>Thresholds!$E$7)*1+(Heatmap_Year!E63<Thresholds!$E$8)*1+(Heatmap_Year!E80>Thresholds!$E$9)*1+(ABS(LN(Heatmap_Year!E97))>Thresholds!$E$10)*1+(ABS(LN(Heatmap_Year!E114))>Thresholds!$E$11)*1+(Heatmap_Year!E131<Thresholds!$E$12)*1+(Heatmap_Year!E148>Thresholds!$E$13)*1+(Heatmap_Year!E165>Thresholds!$E$14)*1+(Heatmap_Year!E182>Thresholds!$E$15)*1+(Heatmap_Year!E199>Thresholds!$E$16)*1+(Heatmap_Year!E216>Thresholds!$E$17)*1>0,"AMBER","GREEN")) -> GREEN | F11: =IF((ABS(Heatmap_Year!F12)>Thresholds!$F$5)*1+(Heatmap_Year!F29>Thresholds!$F$6)*1+(Heatmap_Year!F46>Thresholds!$F$7)*1+(Heatmap_Year!F63<Thresholds!$F$8)*1+(Heatmap_Year!F80>Thresholds!$F$9)*1+(ABS(LN(Heatmap_Year!F97))>Thresholds!$F$10)*1+(ABS(LN(Heatmap_Year!F114))>Thresholds!$F$11)*1+(Heatmap_Year!F131<Thresholds!$F$12)*1+(Heatmap_Year!F148>Thresholds!$F$13)*1+(Heatmap_Year!F165>Thresholds!$F$14)*1+(Heatmap_Year!F182>Thresholds!$F$15)*1+(Heatmap_Year!F199>Thresholds!$F$16)*1+(Heatmap_Year!F216>Thresholds!$F$17)*1>0,"RED",IF((ABS(Heatmap_Year!F12)>Thresholds!$E$5)*1+(Heatmap_Year!F29>Thresholds!$E$6)*1+(Heatmap_Year!F46>Thresholds!$E$7)*1+(Heatmap_Year!F63<Thresholds!$E$8)*1+(Heatmap_Year!F80>Thresholds!$E$9)*1+(ABS(LN(Heatmap_Year!F97))>Thresholds!$E$10)*1+(ABS(LN(Heatmap_Year!F114))>Thresholds!$E$11)*1+(Heatmap_Year!F131<Thresholds!$E$12)*1+(Heatmap_Year!F148>Thresholds!$E$13)*1+(Heatmap_Year!F165>Thresholds!$E$14)*1+(Heatmap_Year!F182>Thresholds!$E$15)*1+(Heatmap_Year!F199>Thresholds!$E$16)*1+(Heatmap_Year!F216>Thresholds!$E$17)*1>0,"AMBER","GREEN")) -> GREEN | G11: =IF((ABS(Heatmap_Year!G12)>Thresholds!$F$5)*1+(Heatmap_Year!G29>Thresholds!$F$6)*1+(Heatmap_Year!G46>Thresholds!$F$7)*1+(Heatmap_Year!G63<Thresholds!$F$8)*1+(Heatmap_Year!G80>Thresholds!$F$9)*1+(ABS(LN(Heatmap_Year!G97))>Thresholds!$F$10)*1+(ABS(LN(Heatmap_Year!G114))>Thresholds!$F$11)*1+(Heatmap_Year!G131<Thresholds!$F$12)*1+(Heatmap_Year!G148>Thresholds!$F$13)*1+(Heatmap_Year!G165>Thresholds!$F$14)*1+(Heatmap_Year!G182>Thresholds!$F$15)*1+(Heatmap_Year!G199>Thresholds!$F$16)*1+(Heatmap_Year!G216>Thresholds!$F$17)*1>0,"RED",IF((ABS(Heatmap_Year!G12)>Thresholds!$E$5)*1+(Heatmap_Year!G29>Thresholds!$E$6)*1+(Heatmap_Year!G46>Thresholds!$E$7)*1+(Heatmap_Year!G63<Thresholds!$E$8)*1+(Heatmap_Year!G80>Thresholds!$E$9)*1+(ABS(LN(Heatmap_Year!G97))>Thresholds!$E$10)*1+(ABS(LN(Heatmap_Year!G114))>Thresholds!$E$11)*1+(Heatmap_Year!G131<Thresholds!$E$12)*1+(Heatmap_Year!G148>Thresholds!$E$13)*1+(Heatmap_Year!G165>Thresholds!$E$14)*1+(Heatmap_Year!G182>Thresholds!$E$15)*1+(Heatmap_Year!G199>Thresholds!$E$16)*1+(Heatmap_Year!G216>Thresholds!$E$17)*1>0,"AMBER","GREEN")) -> GREEN | H11: =IF((ABS(Heatmap_Year!H12)>Thresholds!$F$5)*1+(Heatmap_Year!H29>Thresholds!$F$6)*1+(Heatmap_Year!H46>Thresholds!$F$7)*1+(Heatmap_Year!H63<Thresholds!$F$8)*1+(Heatmap_Year!H80>Thresholds!$F$9)*1+(ABS(LN(Heatmap_Year!H97))>Thresholds!$F$10)*1+(ABS(LN(Heatmap_Year!H114))>Thresholds!$F$11)*1+(Heatmap_Year!H131<Thresholds!$F$12)*1+(Heatmap_Year!H148>Thresholds!$F$13)*1+(Heatmap_Year!H165>Thresholds!$F$14)*1+(Heatmap_Year!H182>Thresholds!$F$15)*1+(Heatmap_Year!H199>Thresholds!$F$16)*1+(Heatmap_Year!H216>Thresholds!$F$17)*1>0,"RED",IF((ABS(Heatmap_Year!H12)>Thresholds!$E$5)*1+(Heatmap_Year!H29>Thresholds!$E$6)*1+(Heatmap_Year!H46>Thresholds!$E$7)*1+(Heatmap_Year!H63<Thresholds!$E$8)*1+(Heatmap_Year!H80>Thresholds!$E$9)*1+(ABS(LN(Heatmap_Year!H97))>Thresholds!$E$10)*1+(ABS(LN(Heatmap_Year!H114))>Thresholds!$E$11)*1+(Heatmap_Year!H131<Thresholds!$E$12)*1+(Heatmap_Year!H148>Thresholds!$E$13)*1+(Heatmap_Year!H165>Thresholds!$E$14)*1+(Heatmap_Year!H182>Thresholds!$E$15)*1+(Heatmap_Year!H199>Thresholds!$E$16)*1+(Heatmap_Year!H216>Thresholds!$E$17)*1>0,"AMBER","GREEN")) -> GREEN | I11: =IF((ABS(Heatmap_Year!I12)>Thresholds!$F$5)*1+(Heatmap_Year!I29>Thresholds!$F$6)*1+(Heatmap_Year!I46>Thresholds!$F$7)*1+(Heatmap_Year!I63<Thresholds!$F$8)*1+(Heatmap_Year!I80>Thresholds!$F$9)*1+(ABS(LN(Heatmap_Year!I97))>Thresholds!$F$10)*1+(ABS(LN(Heatmap_Year!I114))>Thresholds!$F$11)*1+(Heatmap_Year!I131<Thresholds!$F$12)*1+(Heatmap_Year!I148>Thresholds!$F$13)*1+(Heatmap_Year!I165>Thresholds!$F$14)*1+(Heatmap_Year!I182>Thresholds!$F$15)*1+(Heatmap_Year!I199>Thresholds!$F$16)*1+(Heatmap_Year!I216>Thresholds!$F$17)*1>0,"RED",IF((ABS(Heatmap_Year!I12)>Thresholds!$E$5)*1+(Heatmap_Year!I29>Thresholds!$E$6)*1+(Heatmap_Year!I46>Thresholds!$E$7)*1+(Heatmap_Year!I63<Thresholds!$E$8)*1+(Heatmap_Year!I80>Thresholds!$E$9)*1+(ABS(LN(Heatmap_Year!I97))>Thresholds!$E$10)*1+(ABS(LN(Heatmap_Year!I114))>Thresholds!$E$11)*1+(Heatmap_Year!I131<Thresholds!$E$12)*1+(Heatmap_Year!I148>Thresholds!$E$13)*1+(Heatmap_Year!I165>Thresholds!$E$14)*1+(Heatmap_Year!I182>Thresholds!$E$15)*1+(Heatmap_Year!I199>Thresholds!$E$16)*1+(Heatmap_Year!I216>Thresholds!$E$17)*1>0,"AMBER","GREEN")) -> GREEN | K11: 3M | L11: =IF(ABS(Heatmap_Year!B12)>Thresholds!$F$5,"Bias ","")&IF(Heatmap_Year!B29>Thresholds!$F$6,"MaxSpread ","")&IF(Heatmap_Year!B46>Thresholds!$F$7,"Outlier ","")&IF(Heatmap_Year!B63<Thresholds!$F$8,"Spearman ","")&IF(Heatmap_Year!B80>Thresholds!$F$9,"KS ","")&IF(ABS(LN(Heatmap_Year!B97))>Thresholds!$F$10,"Vol ","")&IF(ABS(LN(Heatmap_Year!B114))>Thresholds!$F$11,"Tail ","")&IF(Heatmap_Year!B131<Thresholds!$F$12,"Direction ","")&IF(Heatmap_Year!B148>Thresholds!$F$13,"Stale% ","")&IF(Heatmap_Year!B165>Thresholds!$F$14,"StaleRun ","")&IF(Heatmap_Year!B182>Thresholds!$F$15,"TrendGap ","")&IF(Heatmap_Year!B199>Thresholds!$F$16,"OppTrend ","")&IF(Heatmap_Year!B216>Thresholds!$F$17,"Shape ","") | M11: =IF(ABS(Heatmap_Year!C12)>Thresholds!$F$5,"Bias ","")&IF(Heatmap_Year!C29>Thresholds!$F$6,"MaxSpread ","")&IF(Heatmap_Year!C46>Thresholds!$F$7,"Outlier ","")&IF(Heatmap_Year!C63<Thresholds!$F$8,"Spearman ","")&IF(Heatmap_Year!C80>Thresholds!$F$9,"KS ","")&IF(ABS(LN(Heatmap_Year!C97))>Thresholds!$F$10,"Vol ","")&IF(ABS(LN(Heatmap_Year!C114))>Thresholds!$F$11,"Tail ","")&IF(Heatmap_Year!C131<Thresholds!$F$12,"Direction ","")&IF(Heatmap_Year!C148>Thresholds!$F$13,"Stale% ","")&IF(Heatmap_Year!C165>Thresholds!$F$14,"StaleRun ","")&IF(Heatmap_Year!C182>Thresholds!$F$15,"TrendGap ","")&IF(Heatmap_Year!C199>Thresholds!$F$16,"OppTrend ","")&IF(Heatmap_Year!C216>Thresholds!$F$17,"Shape ","") | N11: =IF(ABS(Heatmap_Year!D12)>Thresholds!$F$5,"Bias ","")&IF(Heatmap_Year!D29>Thresholds!$F$6,"MaxSpread ","")&IF(Heatmap_Year!D46>Thresholds!$F$7,"Outlier ","")&IF(Heatmap_Year!D63<Thresholds!$F$8,"Spearman ","")&IF(Heatmap_Year!D80>Thresholds!$F$9,"KS ","")&IF(ABS(LN(Heatmap_Year!D97))>Thresholds!$F$10,"Vol ","")&IF(ABS(LN(Heatmap_Year!D114))>Thresholds!$F$11,"Tail ","")&IF(Heatmap_Year!D131<Thresholds!$F$12,"Direction ","")&IF(Heatmap_Year!D148>Thresholds!$F$13,"Stale% ","")&IF(Heatmap_Year!D165>Thresholds!$F$14,"StaleRun ","")&IF(Heatmap_Year!D182>Thresholds!$F$15,"TrendGap ","")&IF(Heatmap_Year!D199>Thresholds!$F$16,"OppTrend ","")&IF(Heatmap_Year!D216>Thresholds!$F$17,"Shape ","") | O11: =IF(ABS(Heatmap_Year!E12)>Thresholds!$F$5,"Bias ","")&IF(Heatmap_Year!E29>Thresholds!$F$6,"MaxSpread ","")&IF(Heatmap_Year!E46>Thresholds!$F$7,"Outlier ","")&IF(Heatmap_Year!E63<Thresholds!$F$8,"Spearman ","")&IF(Heatmap_Year!E80>Thresholds!$F$9,"KS ","")&IF(ABS(LN(Heatmap_Year!E97))>Thresholds!$F$10,"Vol ","")&IF(ABS(LN(Heatmap_Year!E114))>Thresholds!$F$11,"Tail ","")&IF(Heatmap_Year!E131<Thresholds!$F$12,"Direction ","")&IF(Heatmap_Year!E148>Thresholds!$F$13,"Stale% ","")&IF(Heatmap_Year!E165>Thresholds!$F$14,"StaleRun ","")&IF(Heatmap_Year!E182>Thresholds!$F$15,"TrendGap ","")&IF(Heatmap_Year!E199>Thresholds!$F$16,"OppTrend ","")&IF(Heatmap_Year!E216>Thresholds!$F$17,"Shape ","") | P11: =IF(ABS(Heatmap_Year!F12)>Thresholds!$F$5,"Bias ","")&IF(Heatmap_Year!F29>Thresholds!$F$6,"MaxSpread ","")&IF(Heatmap_Year!F46>Thresholds!$F$7,"Outlier ","")&IF(Heatmap_Year!F63<Thresholds!$F$8,"Spearman ","")&IF(Heatmap_Year!F80>Thresholds!$F$9,"KS ","")&IF(ABS(LN(Heatmap_Year!F97))>Thresholds!$F$10,"Vol ","")&IF(ABS(LN(Heatmap_Year!F114))>Thresholds!$F$11,"Tail ","")&IF(Heatmap_Year!F131<Thresholds!$F$12,"Direction ","")&IF(Heatmap_Year!F148>Thresholds!$F$13,"Stale% ","")&IF(Heatmap_Year!F165>Thresholds!$F$14,"StaleRun ","")&IF(Heatmap_Year!F182>Thresholds!$F$15,"TrendGap ","")&IF(Heatmap_Year!F199>Thresholds!$F$16,"OppTrend ","")&IF(Heatmap_Year!F216>Thresholds!$F$17,"Shape ","") | Q11: =IF(ABS(Heatmap_Year!G12)>Thresholds!$F$5,"Bias ","")&IF(Heatmap_Year!G29>Thresholds!$F$6,"MaxSpread ","")&IF(Heatmap_Year!G46>Thresholds!$F$7,"Outlier ","")&IF(Heatmap_Year!G63<Thresholds!$F$8,"Spearman ","")&IF(Heatmap_Year!G80>Thresholds!$F$9,"KS ","")&IF(ABS(LN(Heatmap_Year!G97))>Thresholds!$F$10,"Vol ","")&IF(ABS(LN(Heatmap_Year!G114))>Thresholds!$F$11,"Tail ","")&IF(Heatmap_Year!G131<Thresholds!$F$12,"Direction ","")&IF(Heatmap_Year!G148>Thresholds!$F$13,"Stale% ","")&IF(Heatmap_Year!G165>Thresholds!$F$14,"StaleRun ","")&IF(Heatmap_Year!G182>Thresholds!$F$15,"TrendGap ","")&IF(Heatmap_Year!G199>Thresholds!$F$16,"OppTrend ","")&IF(Heatmap_Year!G216>Thresholds!$F$17,"Shape ","") | R11: =IF(ABS(Heatmap_Year!H12)>Thresholds!$F$5,"Bias ","")&IF(Heatmap_Year!H29>Thresholds!$F$6,"MaxSpread ","")&IF(Heatmap_Year!H46>Thresholds!$F$7,"Outlier ","")&IF(Heatmap_Year!H63<Thresholds!$F$8,"Spearman ","")&IF(Heatmap_Year!H80>Thresholds!$F$9,"KS ","")&IF(ABS(LN(Heatmap_Year!H97))>Thresholds!$F$10,"Vol ","")&IF(ABS(LN(Heatmap_Year!H114))>Thresholds!$F$11,"Tail ","")&IF(Heatmap_Year!H131<Thresholds!$F$12,"Direction ","")&IF(Heatmap_Year!H148>Thresholds!$F$13,"Stale% ","")&IF(Heatmap_Year!H165>Thresholds!$F$14,"StaleRun ","")&IF(Heatmap_Year!H182>Thresholds!$F$15,"TrendGap ","")&IF(Heatmap_Year!H199>Thresholds!$F$16,"OppTrend ","")&IF(Heatmap_Year!H216>Thresholds!$F$17,"Shape ","") | S11: =IF(ABS(Heatmap_Year!I12)>Thresholds!$F$5,"Bias ","")&IF(Heatmap_Year!I29>Thresholds!$F$6,"MaxSpread ","")&IF(Heatmap_Year!I46>Thresholds!$F$7,"Outlier ","")&IF(Heatmap_Year!I63<Thresholds!$F$8,"Spearman ","")&IF(Heatmap_Year!I80>Thresholds!$F$9,"KS ","")&IF(ABS(LN(Heatmap_Year!I97))>Thresholds!$F$10,"Vol ","")&IF(ABS(LN(Heatmap_Year!I114))>Thresholds!$F$11,"Tail ","")&IF(Heatmap_Year!I131<Thresholds!$F$12,"Direction ","")&IF(Heatmap_Year!I148>Thresholds!$F$13,"Stale% ","")&IF(Heatmap_Year!I165>Thresholds!$F$14,"StaleRun ","")&IF(Heatmap_Year!I182>Thresholds!$F$15,"TrendGap ","")&IF(Heatmap_Year!I199>Thresholds!$F$16,"OppTrend ","")&IF(Heatmap_Year!I216>Thresholds!$F$17,"Shape ","")
A12: 6M | B12: =IF((ABS(Heatmap_Year!B13)>Thresholds!$F$5)*1+(Heatmap_Year!B30>Thresholds!$F$6)*1+(Heatmap_Year!B47>Thresholds!$F$7)*1+(Heatmap_Year!B64<Thresholds!$F$8)*1+(Heatmap_Year!B81>Thresholds!$F$9)*1+(ABS(LN(Heatmap_Year!B98))>Thresholds!$F$10)*1+(ABS(LN(Heatmap_Year!B115))>Thresholds!$F$11)*1+(Heatmap_Year!B132<Thresholds!$F$12)*1+(Heatmap_Year!B149>Thresholds!$F$13)*1+(Heatmap_Year!B166>Thresholds!$F$14)*1+(Heatmap_Year!B183>Thresholds!$F$15)*1+(Heatmap_Year!B200>Thresholds!$F$16)*1+(Heatmap_Year!B217>Thresholds!$F$17)*1>0,"RED",IF((ABS(Heatmap_Year!B13)>Thresholds!$E$5)*1+(Heatmap_Year!B30>Thresholds!$E$6)*1+(Heatmap_Year!B47>Thresholds!$E$7)*1+(Heatmap_Year!B64<Thresholds!$E$8)*1+(Heatmap_Year!B81>Thresholds!$E$9)*1+(ABS(LN(Heatmap_Year!B98))>Thresholds!$E$10)*1+(ABS(LN(Heatmap_Year!B115))>Thresholds!$E$11)*1+(Heatmap_Year!B132<Thresholds!$E$12)*1+(Heatmap_Year!B149>Thresholds!$E$13)*1+(Heatmap_Year!B166>Thresholds!$E$14)*1+(Heatmap_Year!B183>Thresholds!$E$15)*1+(Heatmap_Year!B200>Thresholds!$E$16)*1+(Heatmap_Year!B217>Thresholds!$E$17)*1>0,"AMBER","GREEN")) -> GREEN | C12: =IF((ABS(Heatmap_Year!C13)>Thresholds!$F$5)*1+(Heatmap_Year!C30>Thresholds!$F$6)*1+(Heatmap_Year!C47>Thresholds!$F$7)*1+(Heatmap_Year!C64<Thresholds!$F$8)*1+(Heatmap_Year!C81>Thresholds!$F$9)*1+(ABS(LN(Heatmap_Year!C98))>Thresholds!$F$10)*1+(ABS(LN(Heatmap_Year!C115))>Thresholds!$F$11)*1+(Heatmap_Year!C132<Thresholds!$F$12)*1+(Heatmap_Year!C149>Thresholds!$F$13)*1+(Heatmap_Year!C166>Thresholds!$F$14)*1+(Heatmap_Year!C183>Thresholds!$F$15)*1+(Heatmap_Year!C200>Thresholds!$F$16)*1+(Heatmap_Year!C217>Thresholds!$F$17)*1>0,"RED",IF((ABS(Heatmap_Year!C13)>Thresholds!$E$5)*1+(Heatmap_Year!C30>Thresholds!$E$6)*1+(Heatmap_Year!C47>Thresholds!$E$7)*1+(Heatmap_Year!C64<Thresholds!$E$8)*1+(Heatmap_Year!C81>Thresholds!$E$9)*1+(ABS(LN(Heatmap_Year!C98))>Thresholds!$E$10)*1+(ABS(LN(Heatmap_Year!C115))>Thresholds!$E$11)*1+(Heatmap_Year!C132<Thresholds!$E$12)*1+(Heatmap_Year!C149>Thresholds!$E$13)*1+(Heatmap_Year!C166>Thresholds!$E$14)*1+(Heatmap_Year!C183>Thresholds!$E$15)*1+(Heatmap_Year!C200>Thresholds!$E$16)*1+(Heatmap_Year!C217>Thresholds!$E$17)*1>0,"AMBER","GREEN")) -> GREEN | D12: =IF((ABS(Heatmap_Year!D13)>Thresholds!$F$5)*1+(Heatmap_Year!D30>Thresholds!$F$6)*1+(Heatmap_Year!D47>Thresholds!$F$7)*1+(Heatmap_Year!D64<Thresholds!$F$8)*1+(Heatmap_Year!D81>Thresholds!$F$9)*1+(ABS(LN(Heatmap_Year!D98))>Thresholds!$F$10)*1+(ABS(LN(Heatmap_Year!D115))>Thresholds!$F$11)*1+(Heatmap_Year!D132<Thresholds!$F$12)*1+(Heatmap_Year!D149>Thresholds!$F$13)*1+(Heatmap_Year!D166>Thresholds!$F$14)*1+(Heatmap_Year!D183>Thresholds!$F$15)*1+(Heatmap_Year!D200>Thresholds!$F$16)*1+(Heatmap_Year!D217>Thresholds!$F$17)*1>0,"RED",IF((ABS(Heatmap_Year!D13)>Thresholds!$E$5)*1+(Heatmap_Year!D30>Thresholds!$E$6)*1+(Heatmap_Year!D47>Thresholds!$E$7)*1+(Heatmap_Year!D64<Thresholds!$E$8)*1+(Heatmap_Year!D81>Thresholds!$E$9)*1+(ABS(LN(Heatmap_Year!D98))>Thresholds!$E$10)*1+(ABS(LN(Heatmap_Year!D115))>Thresholds!$E$11)*1+(Heatmap_Year!D132<Thresholds!$E$12)*1+(Heatmap_Year!D149>Thresholds!$E$13)*1+(Heatmap_Year!D166>Thresholds!$E$14)*1+(Heatmap_Year!D183>Thresholds!$E$15)*1+(Heatmap_Year!D200>Thresholds!$E$16)*1+(Heatmap_Year!D217>Thresholds!$E$17)*1>0,"AMBER","GREEN")) -> GREEN | E12: =IF((ABS(Heatmap_Year!E13)>Thresholds!$F$5)*1+(Heatmap_Year!E30>Thresholds!$F$6)*1+(Heatmap_Year!E47>Thresholds!$F$7)*1+(Heatmap_Year!E64<Thresholds!$F$8)*1+(Heatmap_Year!E81>Thresholds!$F$9)*1+(ABS(LN(Heatmap_Year!E98))>Thresholds!$F$10)*1+(ABS(LN(Heatmap_Year!E115))>Thresholds!$F$11)*1+(Heatmap_Year!E132<Thresholds!$F$12)*1+(Heatmap_Year!E149>Thresholds!$F$13)*1+(Heatmap_Year!E166>Thresholds!$F$14)*1+(Heatmap_Year!E183>Thresholds!$F$15)*1+(Heatmap_Year!E200>Thresholds!$F$16)*1+(Heatmap_Year!E217>Thresholds!$F$17)*1>0,"RED",IF((ABS(Heatmap_Year!E13)>Thresholds!$E$5)*1+(Heatmap_Year!E30>Thresholds!$E$6)*1+(Heatmap_Year!E47>Thresholds!$E$7)*1+(Heatmap_Year!E64<Thresholds!$E$8)*1+(Heatmap_Year!E81>Thresholds!$E$9)*1+(ABS(LN(Heatmap_Year!E98))>Thresholds!$E$10)*1+(ABS(LN(Heatmap_Year!E115))>Thresholds!$E$11)*1+(Heatmap_Year!E132<Thresholds!$E$12)*1+(Heatmap_Year!E149>Thresholds!$E$13)*1+(Heatmap_Year!E166>Thresholds!$E$14)*1+(Heatmap_Year!E183>Thresholds!$E$15)*1+(Heatmap_Year!E200>Thresholds!$E$16)*1+(Heatmap_Year!E217>Thresholds!$E$17)*1>0,"AMBER","GREEN")) -> GREEN | F12: =IF((ABS(Heatmap_Year!F13)>Thresholds!$F$5)*1+(Heatmap_Year!F30>Thresholds!$F$6)*1+(Heatmap_Year!F47>Thresholds!$F$7)*1+(Heatmap_Year!F64<Thresholds!$F$8)*1+(Heatmap_Year!F81>Thresholds!$F$9)*1+(ABS(LN(Heatmap_Year!F98))>Thresholds!$F$10)*1+(ABS(LN(Heatmap_Year!F115))>Thresholds!$F$11)*1+(Heatmap_Year!F132<Thresholds!$F$12)*1+(Heatmap_Year!F149>Thresholds!$F$13)*1+(Heatmap_Year!F166>Thresholds!$F$14)*1+(Heatmap_Year!F183>Thresholds!$F$15)*1+(Heatmap_Year!F200>Thresholds!$F$16)*1+(Heatmap_Year!F217>Thresholds!$F$17)*1>0,"RED",IF((ABS(Heatmap_Year!F13)>Thresholds!$E$5)*1+(Heatmap_Year!F30>Thresholds!$E$6)*1+(Heatmap_Year!F47>Thresholds!$E$7)*1+(Heatmap_Year!F64<Thresholds!$E$8)*1+(Heatmap_Year!F81>Thresholds!$E$9)*1+(ABS(LN(Heatmap_Year!F98))>Thresholds!$E$10)*1+(ABS(LN(Heatmap_Year!F115))>Thresholds!$E$11)*1+(Heatmap_Year!F132<Thresholds!$E$12)*1+(Heatmap_Year!F149>Thresholds!$E$13)*1+(Heatmap_Year!F166>Thresholds!$E$14)*1+(Heatmap_Year!F183>Thresholds!$E$15)*1+(Heatmap_Year!F200>Thresholds!$E$16)*1+(Heatmap_Year!F217>Thresholds!$E$17)*1>0,"AMBER","GREEN")) -> GREEN | G12: =IF((ABS(Heatmap_Year!G13)>Thresholds!$F$5)*1+(Heatmap_Year!G30>Thresholds!$F$6)*1+(Heatmap_Year!G47>Thresholds!$F$7)*1+(Heatmap_Year!G64<Thresholds!$F$8)*1+(Heatmap_Year!G81>Thresholds!$F$9)*1+(ABS(LN(Heatmap_Year!G98))>Thresholds!$F$10)*1+(ABS(LN(Heatmap_Year!G115))>Thresholds!$F$11)*1+(Heatmap_Year!G132<Thresholds!$F$12)*1+(Heatmap_Year!G149>Thresholds!$F$13)*1+(Heatmap_Year!G166>Thresholds!$F$14)*1+(Heatmap_Year!G183>Thresholds!$F$15)*1+(Heatmap_Year!G200>Thresholds!$F$16)*1+(Heatmap_Year!G217>Thresholds!$F$17)*1>0,"RED",IF((ABS(Heatmap_Year!G13)>Thresholds!$E$5)*1+(Heatmap_Year!G30>Thresholds!$E$6)*1+(Heatmap_Year!G47>Thresholds!$E$7)*1+(Heatmap_Year!G64<Thresholds!$E$8)*1+(Heatmap_Year!G81>Thresholds!$E$9)*1+(ABS(LN(Heatmap_Year!G98))>Thresholds!$E$10)*1+(ABS(LN(Heatmap_Year!G115))>Thresholds!$E$11)*1+(Heatmap_Year!G132<Thresholds!$E$12)*1+(Heatmap_Year!G149>Thresholds!$E$13)*1+(Heatmap_Year!G166>Thresholds!$E$14)*1+(Heatmap_Year!G183>Thresholds!$E$15)*1+(Heatmap_Year!G200>Thresholds!$E$16)*1+(Heatmap_Year!G217>Thresholds!$E$17)*1>0,"AMBER","GREEN")) -> GREEN | H12: =IF((ABS(Heatmap_Year!H13)>Thresholds!$F$5)*1+(Heatmap_Year!H30>Thresholds!$F$6)*1+(Heatmap_Year!H47>Thresholds!$F$7)*1+(Heatmap_Year!H64<Thresholds!$F$8)*1+(Heatmap_Year!H81>Thresholds!$F$9)*1+(ABS(LN(Heatmap_Year!H98))>Thresholds!$F$10)*1+(ABS(LN(Heatmap_Year!H115))>Thresholds!$F$11)*1+(Heatmap_Year!H132<Thresholds!$F$12)*1+(Heatmap_Year!H149>Thresholds!$F$13)*1+(Heatmap_Year!H166>Thresholds!$F$14)*1+(Heatmap_Year!H183>Thresholds!$F$15)*1+(Heatmap_Year!H200>Thresholds!$F$16)*1+(Heatmap_Year!H217>Thresholds!$F$17)*1>0,"RED",IF((ABS(Heatmap_Year!H13)>Thresholds!$E$5)*1+(Heatmap_Year!H30>Thresholds!$E$6)*1+(Heatmap_Year!H47>Thresholds!$E$7)*1+(Heatmap_Year!H64<Thresholds!$E$8)*1+(Heatmap_Year!H81>Thresholds!$E$9)*1+(ABS(LN(Heatmap_Year!H98))>Thresholds!$E$10)*1+(ABS(LN(Heatmap_Year!H115))>Thresholds!$E$11)*1+(Heatmap_Year!H132<Thresholds!$E$12)*1+(Heatmap_Year!H149>Thresholds!$E$13)*1+(Heatmap_Year!H166>Thresholds!$E$14)*1+(Heatmap_Year!H183>Thresholds!$E$15)*1+(Heatmap_Year!H200>Thresholds!$E$16)*1+(Heatmap_Year!H217>Thresholds!$E$17)*1>0,"AMBER","GREEN")) -> GREEN | I12: =IF((ABS(Heatmap_Year!I13)>Thresholds!$F$5)*1+(Heatmap_Year!I30>Thresholds!$F$6)*1+(Heatmap_Year!I47>Thresholds!$F$7)*1+(Heatmap_Year!I64<Thresholds!$F$8)*1+(Heatmap_Year!I81>Thresholds!$F$9)*1+(ABS(LN(Heatmap_Year!I98))>Thresholds!$F$10)*1+(ABS(LN(Heatmap_Year!I115))>Thresholds!$F$11)*1+(Heatmap_Year!I132<Thresholds!$F$12)*1+(Heatmap_Year!I149>Thresholds!$F$13)*1+(Heatmap_Year!I166>Thresholds!$F$14)*1+(Heatmap_Year!I183>Thresholds!$F$15)*1+(Heatmap_Year!I200>Thresholds!$F$16)*1+(Heatmap_Year!I217>Thresholds!$F$17)*1>0,"RED",IF((ABS(Heatmap_Year!I13)>Thresholds!$E$5)*1+(Heatmap_Year!I30>Thresholds!$E$6)*1+(Heatmap_Year!I47>Thresholds!$E$7)*1+(Heatmap_Year!I64<Thresholds!$E$8)*1+(Heatmap_Year!I81>Thresholds!$E$9)*1+(ABS(LN(Heatmap_Year!I98))>Thresholds!$E$10)*1+(ABS(LN(Heatmap_Year!I115))>Thresholds!$E$11)*1+(Heatmap_Year!I132<Thresholds!$E$12)*1+(Heatmap_Year!I149>Thresholds!$E$13)*1+(Heatmap_Year!I166>Thresholds!$E$14)*1+(Heatmap_Year!I183>Thresholds!$E$15)*1+(Heatmap_Year!I200>Thresholds!$E$16)*1+(Heatmap_Year!I217>Thresholds!$E$17)*1>0,"AMBER","GREEN")) -> GREEN | K12: 6M | L12: =IF(ABS(Heatmap_Year!B13)>Thresholds!$F$5,"Bias ","")&IF(Heatmap_Year!B30>Thresholds!$F$6,"MaxSpread ","")&IF(Heatmap_Year!B47>Thresholds!$F$7,"Outlier ","")&IF(Heatmap_Year!B64<Thresholds!$F$8,"Spearman ","")&IF(Heatmap_Year!B81>Thresholds!$F$9,"KS ","")&IF(ABS(LN(Heatmap_Year!B98))>Thresholds!$F$10,"Vol ","")&IF(ABS(LN(Heatmap_Year!B115))>Thresholds!$F$11,"Tail ","")&IF(Heatmap_Year!B132<Thresholds!$F$12,"Direction ","")&IF(Heatmap_Year!B149>Thresholds!$F$13,"Stale% ","")&IF(Heatmap_Year!B166>Thresholds!$F$14,"StaleRun ","")&IF(Heatmap_Year!B183>Thresholds!$F$15,"TrendGap ","")&IF(Heatmap_Year!B200>Thresholds!$F$16,"OppTrend ","")&IF(Heatmap_Year!B217>Thresholds!$F$17,"Shape ","") | M12: =IF(ABS(Heatmap_Year!C13)>Thresholds!$F$5,"Bias ","")&IF(Heatmap_Year!C30>Thresholds!$F$6,"MaxSpread ","")&IF(Heatmap_Year!C47>Thresholds!$F$7,"Outlier ","")&IF(Heatmap_Year!C64<Thresholds!$F$8,"Spearman ","")&IF(Heatmap_Year!C81>Thresholds!$F$9,"KS ","")&IF(ABS(LN(Heatmap_Year!C98))>Thresholds!$F$10,"Vol ","")&IF(ABS(LN(Heatmap_Year!C115))>Thresholds!$F$11,"Tail ","")&IF(Heatmap_Year!C132<Thresholds!$F$12,"Direction ","")&IF(Heatmap_Year!C149>Thresholds!$F$13,"Stale% ","")&IF(Heatmap_Year!C166>Thresholds!$F$14,"StaleRun ","")&IF(Heatmap_Year!C183>Thresholds!$F$15,"TrendGap ","")&IF(Heatmap_Year!C200>Thresholds!$F$16,"OppTrend ","")&IF(Heatmap_Year!C217>Thresholds!$F$17,"Shape ","") | N12: =IF(ABS(Heatmap_Year!D13)>Thresholds!$F$5,"Bias ","")&IF(Heatmap_Year!D30>Thresholds!$F$6,"MaxSpread ","")&IF(Heatmap_Year!D47>Thresholds!$F$7,"Outlier ","")&IF(Heatmap_Year!D64<Thresholds!$F$8,"Spearman ","")&IF(Heatmap_Year!D81>Thresholds!$F$9,"KS ","")&IF(ABS(LN(Heatmap_Year!D98))>Thresholds!$F$10,"Vol ","")&IF(ABS(LN(Heatmap_Year!D115))>Thresholds!$F$11,"Tail ","")&IF(Heatmap_Year!D132<Thresholds!$F$12,"Direction ","")&IF(Heatmap_Year!D149>Thresholds!$F$13,"Stale% ","")&IF(Heatmap_Year!D166>Thresholds!$F$14,"StaleRun ","")&IF(Heatmap_Year!D183>Thresholds!$F$15,"TrendGap ","")&IF(Heatmap_Year!D200>Thresholds!$F$16,"OppTrend ","")&IF(Heatmap_Year!D217>Thresholds!$F$17,"Shape ","") | O12: =IF(ABS(Heatmap_Year!E13)>Thresholds!$F$5,"Bias ","")&IF(Heatmap_Year!E30>Thresholds!$F$6,"MaxSpread ","")&IF(Heatmap_Year!E47>Thresholds!$F$7,"Outlier ","")&IF(Heatmap_Year!E64<Thresholds!$F$8,"Spearman ","")&IF(Heatmap_Year!E81>Thresholds!$F$9,"KS ","")&IF(ABS(LN(Heatmap_Year!E98))>Thresholds!$F$10,"Vol ","")&IF(ABS(LN(Heatmap_Year!E115))>Thresholds!$F$11,"Tail ","")&IF(Heatmap_Year!E132<Thresholds!$F$12,"Direction ","")&IF(Heatmap_Year!E149>Thresholds!$F$13,"Stale% ","")&IF(Heatmap_Year!E166>Thresholds!$F$14,"StaleRun ","")&IF(Heatmap_Year!E183>Thresholds!$F$15,"TrendGap ","")&IF(Heatmap_Year!E200>Thresholds!$F$16,"OppTrend ","")&IF(Heatmap_Year!E217>Thresholds!$F$17,"Shape ","") | P12: =IF(ABS(Heatmap_Year!F13)>Thresholds!$F$5,"Bias ","")&IF(Heatmap_Year!F30>Thresholds!$F$6,"MaxSpread ","")&IF(Heatmap_Year!F47>Thresholds!$F$7,"Outlier ","")&IF(Heatmap_Year!F64<Thresholds!$F$8,"Spearman ","")&IF(Heatmap_Year!F81>Thresholds!$F$9,"KS ","")&IF(ABS(LN(Heatmap_Year!F98))>Thresholds!$F$10,"Vol ","")&IF(ABS(LN(Heatmap_Year!F115))>Thresholds!$F$11,"Tail ","")&IF(Heatmap_Year!F132<Thresholds!$F$12,"Direction ","")&IF(Heatmap_Year!F149>Thresholds!$F$13,"Stale% ","")&IF(Heatmap_Year!F166>Thresholds!$F$14,"StaleRun ","")&IF(Heatmap_Year!F183>Thresholds!$F$15,"TrendGap ","")&IF(Heatmap_Year!F200>Thresholds!$F$16,"OppTrend ","")&IF(Heatmap_Year!F217>Thresholds!$F$17,"Shape ","") | Q12: =IF(ABS(Heatmap_Year!G13)>Thresholds!$F$5,"Bias ","")&IF(Heatmap_Year!G30>Thresholds!$F$6,"MaxSpread ","")&IF(Heatmap_Year!G47>Thresholds!$F$7,"Outlier ","")&IF(Heatmap_Year!G64<Thresholds!$F$8,"Spearman ","")&IF(Heatmap_Year!G81>Thresholds!$F$9,"KS ","")&IF(ABS(LN(Heatmap_Year!G98))>Thresholds!$F$10,"Vol ","")&IF(ABS(LN(Heatmap_Year!G115))>Thresholds!$F$11,"Tail ","")&IF(Heatmap_Year!G132<Thresholds!$F$12,"Direction ","")&IF(Heatmap_Year!G149>Thresholds!$F$13,"Stale% ","")&IF(Heatmap_Year!G166>Thresholds!$F$14,"StaleRun ","")&IF(Heatmap_Year!G183>Thresholds!$F$15,"TrendGap ","")&IF(Heatmap_Year!G200>Thresholds!$F$16,"OppTrend ","")&IF(Heatmap_Year!G217>Thresholds!$F$17,"Shape ","") | R12: =IF(ABS(Heatmap_Year!H13)>Thresholds!$F$5,"Bias ","")&IF(Heatmap_Year!H30>Thresholds!$F$6,"MaxSpread ","")&IF(Heatmap_Year!H47>Thresholds!$F$7,"Outlier ","")&IF(Heatmap_Year!H64<Thresholds!$F$8,"Spearman ","")&IF(Heatmap_Year!H81>Thresholds!$F$9,"KS ","")&IF(ABS(LN(Heatmap_Year!H98))>Thresholds!$F$10,"Vol ","")&IF(ABS(LN(Heatmap_Year!H115))>Thresholds!$F$11,"Tail ","")&IF(Heatmap_Year!H132<Thresholds!$F$12,"Direction ","")&IF(Heatmap_Year!H149>Thresholds!$F$13,"Stale% ","")&IF(Heatmap_Year!H166>Thresholds!$F$14,"StaleRun ","")&IF(Heatmap_Year!H183>Thresholds!$F$15,"TrendGap ","")&IF(Heatmap_Year!H200>Thresholds!$F$16,"OppTrend ","")&IF(Heatmap_Year!H217>Thresholds!$F$17,"Shape ","") | S12: =IF(ABS(Heatmap_Year!I13)>Thresholds!$F$5,"Bias ","")&IF(Heatmap_Year!I30>Thresholds!$F$6,"MaxSpread ","")&IF(Heatmap_Year!I47>Thresholds!$F$7,"Outlier ","")&IF(Heatmap_Year!I64<Thresholds!$F$8,"Spearman ","")&IF(Heatmap_Year!I81>Thresholds!$F$9,"KS ","")&IF(ABS(LN(Heatmap_Year!I98))>Thresholds!$F$10,"Vol ","")&IF(ABS(LN(Heatmap_Year!I115))>Thresholds!$F$11,"Tail ","")&IF(Heatmap_Year!I132<Thresholds!$F$12,"Direction ","")&IF(Heatmap_Year!I149>Thresholds!$F$13,"Stale% ","")&IF(Heatmap_Year!I166>Thresholds!$F$14,"StaleRun ","")&IF(Heatmap_Year!I183>Thresholds!$F$15,"TrendGap ","")&IF(Heatmap_Year!I200>Thresholds!$F$16,"OppTrend ","")&IF(Heatmap_Year!I217>Thresholds!$F$17,"Shape ","")
A13: 9M | B13: =IF((ABS(Heatmap_Year!B14)>Thresholds!$F$5)*1+(Heatmap_Year!B31>Thresholds!$F$6)*1+(Heatmap_Year!B48>Thresholds!$F$7)*1+(Heatmap_Year!B65<Thresholds!$F$8)*1+(Heatmap_Year!B82>Thresholds!$F$9)*1+(ABS(LN(Heatmap_Year!B99))>Thresholds!$F$10)*1+(ABS(LN(Heatmap_Year!B116))>Thresholds!$F$11)*1+(Heatmap_Year!B133<Thresholds!$F$12)*1+(Heatmap_Year!B150>Thresholds!$F$13)*1+(Heatmap_Year!B167>Thresholds!$F$14)*1+(Heatmap_Year!B184>Thresholds!$F$15)*1+(Heatmap_Year!B201>Thresholds!$F$16)*1+(Heatmap_Year!B218>Thresholds!$F$17)*1>0,"RED",IF((ABS(Heatmap_Year!B14)>Thresholds!$E$5)*1+(Heatmap_Year!B31>Thresholds!$E$6)*1+(Heatmap_Year!B48>Thresholds!$E$7)*1+(Heatmap_Year!B65<Thresholds!$E$8)*1+(Heatmap_Year!B82>Thresholds!$E$9)*1+(ABS(LN(Heatmap_Year!B99))>Thresholds!$E$10)*1+(ABS(LN(Heatmap_Year!B116))>Thresholds!$E$11)*1+(Heatmap_Year!B133<Thresholds!$E$12)*1+(Heatmap_Year!B150>Thresholds!$E$13)*1+(Heatmap_Year!B167>Thresholds!$E$14)*1+(Heatmap_Year!B184>Thresholds!$E$15)*1+(Heatmap_Year!B201>Thresholds!$E$16)*1+(Heatmap_Year!B218>Thresholds!$E$17)*1>0,"AMBER","GREEN")) -> GREEN | C13: =IF((ABS(Heatmap_Year!C14)>Thresholds!$F$5)*1+(Heatmap_Year!C31>Thresholds!$F$6)*1+(Heatmap_Year!C48>Thresholds!$F$7)*1+(Heatmap_Year!C65<Thresholds!$F$8)*1+(Heatmap_Year!C82>Thresholds!$F$9)*1+(ABS(LN(Heatmap_Year!C99))>Thresholds!$F$10)*1+(ABS(LN(Heatmap_Year!C116))>Thresholds!$F$11)*1+(Heatmap_Year!C133<Thresholds!$F$12)*1+(Heatmap_Year!C150>Thresholds!$F$13)*1+(Heatmap_Year!C167>Thresholds!$F$14)*1+(Heatmap_Year!C184>Thresholds!$F$15)*1+(Heatmap_Year!C201>Thresholds!$F$16)*1+(Heatmap_Year!C218>Thresholds!$F$17)*1>0,"RED",IF((ABS(Heatmap_Year!C14)>Thresholds!$E$5)*1+(Heatmap_Year!C31>Thresholds!$E$6)*1+(Heatmap_Year!C48>Thresholds!$E$7)*1+(Heatmap_Year!C65<Thresholds!$E$8)*1+(Heatmap_Year!C82>Thresholds!$E$9)*1+(ABS(LN(Heatmap_Year!C99))>Thresholds!$E$10)*1+(ABS(LN(Heatmap_Year!C116))>Thresholds!$E$11)*1+(Heatmap_Year!C133<Thresholds!$E$12)*1+(Heatmap_Year!C150>Thresholds!$E$13)*1+(Heatmap_Year!C167>Thresholds!$E$14)*1+(Heatmap_Year!C184>Thresholds!$E$15)*1+(Heatmap_Year!C201>Thresholds!$E$16)*1+(Heatmap_Year!C218>Thresholds!$E$17)*1>0,"AMBER","GREEN")) -> GREEN | D13: =IF((ABS(Heatmap_Year!D14)>Thresholds!$F$5)*1+(Heatmap_Year!D31>Thresholds!$F$6)*1+(Heatmap_Year!D48>Thresholds!$F$7)*1+(Heatmap_Year!D65<Thresholds!$F$8)*1+(Heatmap_Year!D82>Thresholds!$F$9)*1+(ABS(LN(Heatmap_Year!D99))>Thresholds!$F$10)*1+(ABS(LN(Heatmap_Year!D116))>Thresholds!$F$11)*1+(Heatmap_Year!D133<Thresholds!$F$12)*1+(Heatmap_Year!D150>Thresholds!$F$13)*1+(Heatmap_Year!D167>Thresholds!$F$14)*1+(Heatmap_Year!D184>Thresholds!$F$15)*1+(Heatmap_Year!D201>Thresholds!$F$16)*1+(Heatmap_Year!D218>Thresholds!$F$17)*1>0,"RED",IF((ABS(Heatmap_Year!D14)>Thresholds!$E$5)*1+(Heatmap_Year!D31>Thresholds!$E$6)*1+(Heatmap_Year!D48>Thresholds!$E$7)*1+(Heatmap_Year!D65<Thresholds!$E$8)*1+(Heatmap_Year!D82>Thresholds!$E$9)*1+(ABS(LN(Heatmap_Year!D99))>Thresholds!$E$10)*1+(ABS(LN(Heatmap_Year!D116))>Thresholds!$E$11)*1+(Heatmap_Year!D133<Thresholds!$E$12)*1+(Heatmap_Year!D150>Thresholds!$E$13)*1+(Heatmap_Year!D167>Thresholds!$E$14)*1+(Heatmap_Year!D184>Thresholds!$E$15)*1+(Heatmap_Year!D201>Thresholds!$E$16)*1+(Heatmap_Year!D218>Thresholds!$E$17)*1>0,"AMBER","GREEN")) -> GREEN | E13: =IF((ABS(Heatmap_Year!E14)>Thresholds!$F$5)*1+(Heatmap_Year!E31>Thresholds!$F$6)*1+(Heatmap_Year!E48>Thresholds!$F$7)*1+(Heatmap_Year!E65<Thresholds!$F$8)*1+(Heatmap_Year!E82>Thresholds!$F$9)*1+(ABS(LN(Heatmap_Year!E99))>Thresholds!$F$10)*1+(ABS(LN(Heatmap_Year!E116))>Thresholds!$F$11)*1+(Heatmap_Year!E133<Thresholds!$F$12)*1+(Heatmap_Year!E150>Thresholds!$F$13)*1+(Heatmap_Year!E167>Thresholds!$F$14)*1+(Heatmap_Year!E184>Thresholds!$F$15)*1+(Heatmap_Year!E201>Thresholds!$F$16)*1+(Heatmap_Year!E218>Thresholds!$F$17)*1>0,"RED",IF((ABS(Heatmap_Year!E14)>Thresholds!$E$5)*1+(Heatmap_Year!E31>Thresholds!$E$6)*1+(Heatmap_Year!E48>Thresholds!$E$7)*1+(Heatmap_Year!E65<Thresholds!$E$8)*1+(Heatmap_Year!E82>Thresholds!$E$9)*1+(ABS(LN(Heatmap_Year!E99))>Thresholds!$E$10)*1+(ABS(LN(Heatmap_Year!E116))>Thresholds!$E$11)*1+(Heatmap_Year!E133<Thresholds!$E$12)*1+(Heatmap_Year!E150>Thresholds!$E$13)*1+(Heatmap_Year!E167>Thresholds!$E$14)*1+(Heatmap_Year!E184>Thresholds!$E$15)*1+(Heatmap_Year!E201>Thresholds!$E$16)*1+(Heatmap_Year!E218>Thresholds!$E$17)*1>0,"AMBER","GREEN")) -> GREEN | F13: =IF((ABS(Heatmap_Year!F14)>Thresholds!$F$5)*1+(Heatmap_Year!F31>Thresholds!$F$6)*1+(Heatmap_Year!F48>Thresholds!$F$7)*1+(Heatmap_Year!F65<Thresholds!$F$8)*1+(Heatmap_Year!F82>Thresholds!$F$9)*1+(ABS(LN(Heatmap_Year!F99))>Thresholds!$F$10)*1+(ABS(LN(Heatmap_Year!F116))>Thresholds!$F$11)*1+(Heatmap_Year!F133<Thresholds!$F$12)*1+(Heatmap_Year!F150>Thresholds!$F$13)*1+(Heatmap_Year!F167>Thresholds!$F$14)*1+(Heatmap_Year!F184>Thresholds!$F$15)*1+(Heatmap_Year!F201>Thresholds!$F$16)*1+(Heatmap_Year!F218>Thresholds!$F$17)*1>0,"RED",IF((ABS(Heatmap_Year!F14)>Thresholds!$E$5)*1+(Heatmap_Year!F31>Thresholds!$E$6)*1+(Heatmap_Year!F48>Thresholds!$E$7)*1+(Heatmap_Year!F65<Thresholds!$E$8)*1+(Heatmap_Year!F82>Thresholds!$E$9)*1+(ABS(LN(Heatmap_Year!F99))>Thresholds!$E$10)*1+(ABS(LN(Heatmap_Year!F116))>Thresholds!$E$11)*1+(Heatmap_Year!F133<Thresholds!$E$12)*1+(Heatmap_Year!F150>Thresholds!$E$13)*1+(Heatmap_Year!F167>Thresholds!$E$14)*1+(Heatmap_Year!F184>Thresholds!$E$15)*1+(Heatmap_Year!F201>Thresholds!$E$16)*1+(Heatmap_Year!F218>Thresholds!$E$17)*1>0,"AMBER","GREEN")) -> GREEN | G13: =IF((ABS(Heatmap_Year!G14)>Thresholds!$F$5)*1+(Heatmap_Year!G31>Thresholds!$F$6)*1+(Heatmap_Year!G48>Thresholds!$F$7)*1+(Heatmap_Year!G65<Thresholds!$F$8)*1+(Heatmap_Year!G82>Thresholds!$F$9)*1+(ABS(LN(Heatmap_Year!G99))>Thresholds!$F$10)*1+(ABS(LN(Heatmap_Year!G116))>Thresholds!$F$11)*1+(Heatmap_Year!G133<Thresholds!$F$12)*1+(Heatmap_Year!G150>Thresholds!$F$13)*1+(Heatmap_Year!G167>Thresholds!$F$14)*1+(Heatmap_Year!G184>Thresholds!$F$15)*1+(Heatmap_Year!G201>Thresholds!$F$16)*1+(Heatmap_Year!G218>Thresholds!$F$17)*1>0,"RED",IF((ABS(Heatmap_Year!G14)>Thresholds!$E$5)*1+(Heatmap_Year!G31>Thresholds!$E$6)*1+(Heatmap_Year!G48>Thresholds!$E$7)*1+(Heatmap_Year!G65<Thresholds!$E$8)*1+(Heatmap_Year!G82>Thresholds!$E$9)*1+(ABS(LN(Heatmap_Year!G99))>Thresholds!$E$10)*1+(ABS(LN(Heatmap_Year!G116))>Thresholds!$E$11)*1+(Heatmap_Year!G133<Thresholds!$E$12)*1+(Heatmap_Year!G150>Thresholds!$E$13)*1+(Heatmap_Year!G167>Thresholds!$E$14)*1+(Heatmap_Year!G184>Thresholds!$E$15)*1+(Heatmap_Year!G201>Thresholds!$E$16)*1+(Heatmap_Year!G218>Thresholds!$E$17)*1>0,"AMBER","GREEN")) -> RED | H13: =IF((ABS(Heatmap_Year!H14)>Thresholds!$F$5)*1+(Heatmap_Year!H31>Thresholds!$F$6)*1+(Heatmap_Year!H48>Thresholds!$F$7)*1+(Heatmap_Year!H65<Thresholds!$F$8)*1+(Heatmap_Year!H82>Thresholds!$F$9)*1+(ABS(LN(Heatmap_Year!H99))>Thresholds!$F$10)*1+(ABS(LN(Heatmap_Year!H116))>Thresholds!$F$11)*1+(Heatmap_Year!H133<Thresholds!$F$12)*1+(Heatmap_Year!H150>Thresholds!$F$13)*1+(Heatmap_Year!H167>Thresholds!$F$14)*1+(Heatmap_Year!H184>Thresholds!$F$15)*1+(Heatmap_Year!H201>Thresholds!$F$16)*1+(Heatmap_Year!H218>Thresholds!$F$17)*1>0,"RED",IF((ABS(Heatmap_Year!H14)>Thresholds!$E$5)*1+(Heatmap_Year!H31>Thresholds!$E$6)*1+(Heatmap_Year!H48>Thresholds!$E$7)*1+(Heatmap_Year!H65<Thresholds!$E$8)*1+(Heatmap_Year!H82>Thresholds!$E$9)*1+(ABS(LN(Heatmap_Year!H99))>Thresholds!$E$10)*1+(ABS(LN(Heatmap_Year!H116))>Thresholds!$E$11)*1+(Heatmap_Year!H133<Thresholds!$E$12)*1+(Heatmap_Year!H150>Thresholds!$E$13)*1+(Heatmap_Year!H167>Thresholds!$E$14)*1+(Heatmap_Year!H184>Thresholds!$E$15)*1+(Heatmap_Year!H201>Thresholds!$E$16)*1+(Heatmap_Year!H218>Thresholds!$E$17)*1>0,"AMBER","GREEN")) -> GREEN | I13: =IF((ABS(Heatmap_Year!I14)>Thresholds!$F$5)*1+(Heatmap_Year!I31>Thresholds!$F$6)*1+(Heatmap_Year!I48>Thresholds!$F$7)*1+(Heatmap_Year!I65<Thresholds!$F$8)*1+(Heatmap_Year!I82>Thresholds!$F$9)*1+(ABS(LN(Heatmap_Year!I99))>Thresholds!$F$10)*1+(ABS(LN(Heatmap_Year!I116))>Thresholds!$F$11)*1+(Heatmap_Year!I133<Thresholds!$F$12)*1+(Heatmap_Year!I150>Thresholds!$F$13)*1+(Heatmap_Year!I167>Thresholds!$F$14)*1+(Heatmap_Year!I184>Thresholds!$F$15)*1+(Heatmap_Year!I201>Thresholds!$F$16)*1+(Heatmap_Year!I218>Thresholds!$F$17)*1>0,"RED",IF((ABS(Heatmap_Year!I14)>Thresholds!$E$5)*1+(Heatmap_Year!I31>Thresholds!$E$6)*1+(Heatmap_Year!I48>Thresholds!$E$7)*1+(Heatmap_Year!I65<Thresholds!$E$8)*1+(Heatmap_Year!I82>Thresholds!$E$9)*1+(ABS(LN(Heatmap_Year!I99))>Thresholds!$E$10)*1+(ABS(LN(Heatmap_Year!I116))>Thresholds!$E$11)*1+(Heatmap_Year!I133<Thresholds!$E$12)*1+(Heatmap_Year!I150>Thresholds!$E$13)*1+(Heatmap_Year!I167>Thresholds!$E$14)*1+(Heatmap_Year!I184>Thresholds!$E$15)*1+(Heatmap_Year!I201>Thresholds!$E$16)*1+(Heatmap_Year!I218>Thresholds!$E$17)*1>0,"AMBER","GREEN")) -> RED | K13: 9M | L13: =IF(ABS(Heatmap_Year!B14)>Thresholds!$F$5,"Bias ","")&IF(Heatmap_Year!B31>Thresholds!$F$6,"MaxSpread ","")&IF(Heatmap_Year!B48>Thresholds!$F$7,"Outlier ","")&IF(Heatmap_Year!B65<Thresholds!$F$8,"Spearman ","")&IF(Heatmap_Year!B82>Thresholds!$F$9,"KS ","")&IF(ABS(LN(Heatmap_Year!B99))>Thresholds!$F$10,"Vol ","")&IF(ABS(LN(Heatmap_Year!B116))>Thresholds!$F$11,"Tail ","")&IF(Heatmap_Year!B133<Thresholds!$F$12,"Direction ","")&IF(Heatmap_Year!B150>Thresholds!$F$13,"Stale% ","")&IF(Heatmap_Year!B167>Thresholds!$F$14,"StaleRun ","")&IF(Heatmap_Year!B184>Thresholds!$F$15,"TrendGap ","")&IF(Heatmap_Year!B201>Thresholds!$F$16,"OppTrend ","")&IF(Heatmap_Year!B218>Thresholds!$F$17,"Shape ","") | M13: =IF(ABS(Heatmap_Year!C14)>Thresholds!$F$5,"Bias ","")&IF(Heatmap_Year!C31>Thresholds!$F$6,"MaxSpread ","")&IF(Heatmap_Year!C48>Thresholds!$F$7,"Outlier ","")&IF(Heatmap_Year!C65<Thresholds!$F$8,"Spearman ","")&IF(Heatmap_Year!C82>Thresholds!$F$9,"KS ","")&IF(ABS(LN(Heatmap_Year!C99))>Thresholds!$F$10,"Vol ","")&IF(ABS(LN(Heatmap_Year!C116))>Thresholds!$F$11,"Tail ","")&IF(Heatmap_Year!C133<Thresholds!$F$12,"Direction ","")&IF(Heatmap_Year!C150>Thresholds!$F$13,"Stale% ","")&IF(Heatmap_Year!C167>Thresholds!$F$14,"StaleRun ","")&IF(Heatmap_Year!C184>Thresholds!$F$15,"TrendGap ","")&IF(Heatmap_Year!C201>Thresholds!$F$16,"OppTrend ","")&IF(Heatmap_Year!C218>Thresholds!$F$17,"Shape ","") | N13: =IF(ABS(Heatmap_Year!D14)>Thresholds!$F$5,"Bias ","")&IF(Heatmap_Year!D31>Thresholds!$F$6,"MaxSpread ","")&IF(Heatmap_Year!D48>Thresholds!$F$7,"Outlier ","")&IF(Heatmap_Year!D65<Thresholds!$F$8,"Spearman ","")&IF(Heatmap_Year!D82>Thresholds!$F$9,"KS ","")&IF(ABS(LN(Heatmap_Year!D99))>Thresholds!$F$10,"Vol ","")&IF(ABS(LN(Heatmap_Year!D116))>Thresholds!$F$11,"Tail ","")&IF(Heatmap_Year!D133<Thresholds!$F$12,"Direction ","")&IF(Heatmap_Year!D150>Thresholds!$F$13,"Stale% ","")&IF(Heatmap_Year!D167>Thresholds!$F$14,"StaleRun ","")&IF(Heatmap_Year!D184>Thresholds!$F$15,"TrendGap ","")&IF(Heatmap_Year!D201>Thresholds!$F$16,"OppTrend ","")&IF(Heatmap_Year!D218>Thresholds!$F$17,"Shape ","") | O13: =IF(ABS(Heatmap_Year!E14)>Thresholds!$F$5,"Bias ","")&IF(Heatmap_Year!E31>Thresholds!$F$6,"MaxSpread ","")&IF(Heatmap_Year!E48>Thresholds!$F$7,"Outlier ","")&IF(Heatmap_Year!E65<Thresholds!$F$8,"Spearman ","")&IF(Heatmap_Year!E82>Thresholds!$F$9,"KS ","")&IF(ABS(LN(Heatmap_Year!E99))>Thresholds!$F$10,"Vol ","")&IF(ABS(LN(Heatmap_Year!E116))>Thresholds!$F$11,"Tail ","")&IF(Heatmap_Year!E133<Thresholds!$F$12,"Direction ","")&IF(Heatmap_Year!E150>Thresholds!$F$13,"Stale% ","")&IF(Heatmap_Year!E167>Thresholds!$F$14,"StaleRun ","")&IF(Heatmap_Year!E184>Thresholds!$F$15,"TrendGap ","")&IF(Heatmap_Year!E201>Thresholds!$F$16,"OppTrend ","")&IF(Heatmap_Year!E218>Thresholds!$F$17,"Shape ","") | P13: =IF(ABS(Heatmap_Year!F14)>Thresholds!$F$5,"Bias ","")&IF(Heatmap_Year!F31>Thresholds!$F$6,"MaxSpread ","")&IF(Heatmap_Year!F48>Thresholds!$F$7,"Outlier ","")&IF(Heatmap_Year!F65<Thresholds!$F$8,"Spearman ","")&IF(Heatmap_Year!F82>Thresholds!$F$9,"KS ","")&IF(ABS(LN(Heatmap_Year!F99))>Thresholds!$F$10,"Vol ","")&IF(ABS(LN(Heatmap_Year!F116))>Thresholds!$F$11,"Tail ","")&IF(Heatmap_Year!F133<Thresholds!$F$12,"Direction ","")&IF(Heatmap_Year!F150>Thresholds!$F$13,"Stale% ","")&IF(Heatmap_Year!F167>Thresholds!$F$14,"StaleRun ","")&IF(Heatmap_Year!F184>Thresholds!$F$15,"TrendGap ","")&IF(Heatmap_Year!F201>Thresholds!$F$16,"OppTrend ","")&IF(Heatmap_Year!F218>Thresholds!$F$17,"Shape ","") | Q13: =IF(ABS(Heatmap_Year!G14)>Thresholds!$F$5,"Bias ","")&IF(Heatmap_Year!G31>Thresholds!$F$6,"MaxSpread ","")&IF(Heatmap_Year!G48>Thresholds!$F$7,"Outlier ","")&IF(Heatmap_Year!G65<Thresholds!$F$8,"Spearman ","")&IF(Heatmap_Year!G82>Thresholds!$F$9,"KS ","")&IF(ABS(LN(Heatmap_Year!G99))>Thresholds!$F$10,"Vol ","")&IF(ABS(LN(Heatmap_Year!G116))>Thresholds!$F$11,"Tail ","")&IF(Heatmap_Year!G133<Thresholds!$F$12,"Direction ","")&IF(Heatmap_Year!G150>Thresholds!$F$13,"Stale% ","")&IF(Heatmap_Year!G167>Thresholds!$F$14,"StaleRun ","")&IF(Heatmap_Year!G184>Thresholds!$F$15,"TrendGap ","")&IF(Heatmap_Year!G201>Thresholds!$F$16,"OppTrend ","")&IF(Heatmap_Year!G218>Thresholds!$F$17,"Shape ","") -> Shape | R13: =IF(ABS(Heatmap_Year!H14)>Thresholds!$F$5,"Bias ","")&IF(Heatmap_Year!H31>Thresholds!$F$6,"MaxSpread ","")&IF(Heatmap_Year!H48>Thresholds!$F$7,"Outlier ","")&IF(Heatmap_Year!H65<Thresholds!$F$8,"Spearman ","")&IF(Heatmap_Year!H82>Thresholds!$F$9,"KS ","")&IF(ABS(LN(Heatmap_Year!H99))>Thresholds!$F$10,"Vol ","")&IF(ABS(LN(Heatmap_Year!H116))>Thresholds!$F$11,"Tail ","")&IF(Heatmap_Year!H133<Thresholds!$F$12,"Direction ","")&IF(Heatmap_Year!H150>Thresholds!$F$13,"Stale% ","")&IF(Heatmap_Year!H167>Thresholds!$F$14,"StaleRun ","")&IF(Heatmap_Year!H184>Thresholds!$F$15,"TrendGap ","")&IF(Heatmap_Year!H201>Thresholds!$F$16,"OppTrend ","")&IF(Heatmap_Year!H218>Thresholds!$F$17,"Shape ","") | S13: =IF(ABS(Heatmap_Year!I14)>Thresholds!$F$5,"Bias ","")&IF(Heatmap_Year!I31>Thresholds!$F$6,"MaxSpread ","")&IF(Heatmap_Year!I48>Thresholds!$F$7,"Outlier ","")&IF(Heatmap_Year!I65<Thresholds!$F$8,"Spearman ","")&IF(Heatmap_Year!I82>Thresholds!$F$9,"KS ","")&IF(ABS(LN(Heatmap_Year!I99))>Thresholds!$F$10,"Vol ","")&IF(ABS(LN(Heatmap_Year!I116))>Thresholds!$F$11,"Tail ","")&IF(Heatmap_Year!I133<Thresholds!$F$12,"Direction ","")&IF(Heatmap_Year!I150>Thresholds!$F$13,"Stale% ","")&IF(Heatmap_Year!I167>Thresholds!$F$14,"StaleRun ","")&IF(Heatmap_Year!I184>Thresholds!$F$15,"TrendGap ","")&IF(Heatmap_Year!I201>Thresholds!$F$16,"OppTrend ","")&IF(Heatmap_Year!I218>Thresholds!$F$17,"Shape ","") -> Shape
A14: 1Y | B14: =IF((ABS(Heatmap_Year!B15)>Thresholds!$F$5)*1+(Heatmap_Year!B32>Thresholds!$F$6)*1+(Heatmap_Year!B49>Thresholds!$F$7)*1+(Heatmap_Year!B66<Thresholds!$F$8)*1+(Heatmap_Year!B83>Thresholds!$F$9)*1+(ABS(LN(Heatmap_Year!B100))>Thresholds!$F$10)*1+(ABS(LN(Heatmap_Year!B117))>Thresholds!$F$11)*1+(Heatmap_Year!B134<Thresholds!$F$12)*1+(Heatmap_Year!B151>Thresholds!$F$13)*1+(Heatmap_Year!B168>Thresholds!$F$14)*1+(Heatmap_Year!B185>Thresholds!$F$15)*1+(Heatmap_Year!B202>Thresholds!$F$16)*1+(Heatmap_Year!B219>Thresholds!$F$17)*1>0,"RED",IF((ABS(Heatmap_Year!B15)>Thresholds!$E$5)*1+(Heatmap_Year!B32>Thresholds!$E$6)*1+(Heatmap_Year!B49>Thresholds!$E$7)*1+(Heatmap_Year!B66<Thresholds!$E$8)*1+(Heatmap_Year!B83>Thresholds!$E$9)*1+(ABS(LN(Heatmap_Year!B100))>Thresholds!$E$10)*1+(ABS(LN(Heatmap_Year!B117))>Thresholds!$E$11)*1+(Heatmap_Year!B134<Thresholds!$E$12)*1+(Heatmap_Year!B151>Thresholds!$E$13)*1+(Heatmap_Year!B168>Thresholds!$E$14)*1+(Heatmap_Year!B185>Thresholds!$E$15)*1+(Heatmap_Year!B202>Thresholds!$E$16)*1+(Heatmap_Year!B219>Thresholds!$E$17)*1>0,"AMBER","GREEN")) -> GREEN | C14: =IF((ABS(Heatmap_Year!C15)>Thresholds!$F$5)*1+(Heatmap_Year!C32>Thresholds!$F$6)*1+(Heatmap_Year!C49>Thresholds!$F$7)*1+(Heatmap_Year!C66<Thresholds!$F$8)*1+(Heatmap_Year!C83>Thresholds!$F$9)*1+(ABS(LN(Heatmap_Year!C100))>Thresholds!$F$10)*1+(ABS(LN(Heatmap_Year!C117))>Thresholds!$F$11)*1+(Heatmap_Year!C134<Thresholds!$F$12)*1+(Heatmap_Year!C151>Thresholds!$F$13)*1+(Heatmap_Year!C168>Thresholds!$F$14)*1+(Heatmap_Year!C185>Thresholds!$F$15)*1+(Heatmap_Year!C202>Thresholds!$F$16)*1+(Heatmap_Year!C219>Thresholds!$F$17)*1>0,"RED",IF((ABS(Heatmap_Year!C15)>Thresholds!$E$5)*1+(Heatmap_Year!C32>Thresholds!$E$6)*1+(Heatmap_Year!C49>Thresholds!$E$7)*1+(Heatmap_Year!C66<Thresholds!$E$8)*1+(Heatmap_Year!C83>Thresholds!$E$9)*1+(ABS(LN(Heatmap_Year!C100))>Thresholds!$E$10)*1+(ABS(LN(Heatmap_Year!C117))>Thresholds!$E$11)*1+(Heatmap_Year!C134<Thresholds!$E$12)*1+(Heatmap_Year!C151>Thresholds!$E$13)*1+(Heatmap_Year!C168>Thresholds!$E$14)*1+(Heatmap_Year!C185>Thresholds!$E$15)*1+(Heatmap_Year!C202>Thresholds!$E$16)*1+(Heatmap_Year!C219>Thresholds!$E$17)*1>0,"AMBER","GREEN")) -> GREEN | D14: =IF((ABS(Heatmap_Year!D15)>Thresholds!$F$5)*1+(Heatmap_Year!D32>Thresholds!$F$6)*1+(Heatmap_Year!D49>Thresholds!$F$7)*1+(Heatmap_Year!D66<Thresholds!$F$8)*1+(Heatmap_Year!D83>Thresholds!$F$9)*1+(ABS(LN(Heatmap_Year!D100))>Thresholds!$F$10)*1+(ABS(LN(Heatmap_Year!D117))>Thresholds!$F$11)*1+(Heatmap_Year!D134<Thresholds!$F$12)*1+(Heatmap_Year!D151>Thresholds!$F$13)*1+(Heatmap_Year!D168>Thresholds!$F$14)*1+(Heatmap_Year!D185>Thresholds!$F$15)*1+(Heatmap_Year!D202>Thresholds!$F$16)*1+(Heatmap_Year!D219>Thresholds!$F$17)*1>0,"RED",IF((ABS(Heatmap_Year!D15)>Thresholds!$E$5)*1+(Heatmap_Year!D32>Thresholds!$E$6)*1+(Heatmap_Year!D49>Thresholds!$E$7)*1+(Heatmap_Year!D66<Thresholds!$E$8)*1+(Heatmap_Year!D83>Thresholds!$E$9)*1+(ABS(LN(Heatmap_Year!D100))>Thresholds!$E$10)*1+(ABS(LN(Heatmap_Year!D117))>Thresholds!$E$11)*1+(Heatmap_Year!D134<Thresholds!$E$12)*1+(Heatmap_Year!D151>Thresholds!$E$13)*1+(Heatmap_Year!D168>Thresholds!$E$14)*1+(Heatmap_Year!D185>Thresholds!$E$15)*1+(Heatmap_Year!D202>Thresholds!$E$16)*1+(Heatmap_Year!D219>Thresholds!$E$17)*1>0,"AMBER","GREEN")) -> GREEN | E14: =IF((ABS(Heatmap_Year!E15)>Thresholds!$F$5)*1+(Heatmap_Year!E32>Thresholds!$F$6)*1+(Heatmap_Year!E49>Thresholds!$F$7)*1+(Heatmap_Year!E66<Thresholds!$F$8)*1+(Heatmap_Year!E83>Thresholds!$F$9)*1+(ABS(LN(Heatmap_Year!E100))>Thresholds!$F$10)*1+(ABS(LN(Heatmap_Year!E117))>Thresholds!$F$11)*1+(Heatmap_Year!E134<Thresholds!$F$12)*1+(Heatmap_Year!E151>Thresholds!$F$13)*1+(Heatmap_Year!E168>Thresholds!$F$14)*1+(Heatmap_Year!E185>Thresholds!$F$15)*1+(Heatmap_Year!E202>Thresholds!$F$16)*1+(Heatmap_Year!E219>Thresholds!$F$17)*1>0,"RED",IF((ABS(Heatmap_Year!E15)>Thresholds!$E$5)*1+(Heatmap_Year!E32>Thresholds!$E$6)*1+(Heatmap_Year!E49>Thresholds!$E$7)*1+(Heatmap_Year!E66<Thresholds!$E$8)*1+(Heatmap_Year!E83>Thresholds!$E$9)*1+(ABS(LN(Heatmap_Year!E100))>Thresholds!$E$10)*1+(ABS(LN(Heatmap_Year!E117))>Thresholds!$E$11)*1+(Heatmap_Year!E134<Thresholds!$E$12)*1+(Heatmap_Year!E151>Thresholds!$E$13)*1+(Heatmap_Year!E168>Thresholds!$E$14)*1+(Heatmap_Year!E185>Thresholds!$E$15)*1+(Heatmap_Year!E202>Thresholds!$E$16)*1+(Heatmap_Year!E219>Thresholds!$E$17)*1>0,"AMBER","GREEN")) -> GREEN | F14: =IF((ABS(Heatmap_Year!F15)>Thresholds!$F$5)*1+(Heatmap_Year!F32>Thresholds!$F$6)*1+(Heatmap_Year!F49>Thresholds!$F$7)*1+(Heatmap_Year!F66<Thresholds!$F$8)*1+(Heatmap_Year!F83>Thresholds!$F$9)*1+(ABS(LN(Heatmap_Year!F100))>Thresholds!$F$10)*1+(ABS(LN(Heatmap_Year!F117))>Thresholds!$F$11)*1+(Heatmap_Year!F134<Thresholds!$F$12)*1+(Heatmap_Year!F151>Thresholds!$F$13)*1+(Heatmap_Year!F168>Thresholds!$F$14)*1+(Heatmap_Year!F185>Thresholds!$F$15)*1+(Heatmap_Year!F202>Thresholds!$F$16)*1+(Heatmap_Year!F219>Thresholds!$F$17)*1>0,"RED",IF((ABS(Heatmap_Year!F15)>Thresholds!$E$5)*1+(Heatmap_Year!F32>Thresholds!$E$6)*1+(Heatmap_Year!F49>Thresholds!$E$7)*1+(Heatmap_Year!F66<Thresholds!$E$8)*1+(Heatmap_Year!F83>Thresholds!$E$9)*1+(ABS(LN(Heatmap_Year!F100))>Thresholds!$E$10)*1+(ABS(LN(Heatmap_Year!F117))>Thresholds!$E$11)*1+(Heatmap_Year!F134<Thresholds!$E$12)*1+(Heatmap_Year!F151>Thresholds!$E$13)*1+(Heatmap_Year!F168>Thresholds!$E$14)*1+(Heatmap_Year!F185>Thresholds!$E$15)*1+(Heatmap_Year!F202>Thresholds!$E$16)*1+(Heatmap_Year!F219>Thresholds!$E$17)*1>0,"AMBER","GREEN")) -> GREEN | G14: =IF((ABS(Heatmap_Year!G15)>Thresholds!$F$5)*1+(Heatmap_Year!G32>Thresholds!$F$6)*1+(Heatmap_Year!G49>Thresholds!$F$7)*1+(Heatmap_Year!G66<Thresholds!$F$8)*1+(Heatmap_Year!G83>Thresholds!$F$9)*1+(ABS(LN(Heatmap_Year!G100))>Thresholds!$F$10)*1+(ABS(LN(Heatmap_Year!G117))>Thresholds!$F$11)*1+(Heatmap_Year!G134<Thresholds!$F$12)*1+(Heatmap_Year!G151>Thresholds!$F$13)*1+(Heatmap_Year!G168>Thresholds!$F$14)*1+(Heatmap_Year!G185>Thresholds!$F$15)*1+(Heatmap_Year!G202>Thresholds!$F$16)*1+(Heatmap_Year!G219>Thresholds!$F$17)*1>0,"RED",IF((ABS(Heatmap_Year!G15)>Thresholds!$E$5)*1+(Heatmap_Year!G32>Thresholds!$E$6)*1+(Heatmap_Year!G49>Thresholds!$E$7)*1+(Heatmap_Year!G66<Thresholds!$E$8)*1+(Heatmap_Year!G83>Thresholds!$E$9)*1+(ABS(LN(Heatmap_Year!G100))>Thresholds!$E$10)*1+(ABS(LN(Heatmap_Year!G117))>Thresholds!$E$11)*1+(Heatmap_Year!G134<Thresholds!$E$12)*1+(Heatmap_Year!G151>Thresholds!$E$13)*1+(Heatmap_Year!G168>Thresholds!$E$14)*1+(Heatmap_Year!G185>Thresholds!$E$15)*1+(Heatmap_Year!G202>Thresholds!$E$16)*1+(Heatmap_Year!G219>Thresholds!$E$17)*1>0,"AMBER","GREEN")) -> GREEN | H14: =IF((ABS(Heatmap_Year!H15)>Thresholds!$F$5)*1+(Heatmap_Year!H32>Thresholds!$F$6)*1+(Heatmap_Year!H49>Thresholds!$F$7)*1+(Heatmap_Year!H66<Thresholds!$F$8)*1+(Heatmap_Year!H83>Thresholds!$F$9)*1+(ABS(LN(Heatmap_Year!H100))>Thresholds!$F$10)*1+(ABS(LN(Heatmap_Year!H117))>Thresholds!$F$11)*1+(Heatmap_Year!H134<Thresholds!$F$12)*1+(Heatmap_Year!H151>Thresholds!$F$13)*1+(Heatmap_Year!H168>Thresholds!$F$14)*1+(Heatmap_Year!H185>Thresholds!$F$15)*1+(Heatmap_Year!H202>Thresholds!$F$16)*1+(Heatmap_Year!H219>Thresholds!$F$17)*1>0,"RED",IF((ABS(Heatmap_Year!H15)>Thresholds!$E$5)*1+(Heatmap_Year!H32>Thresholds!$E$6)*1+(Heatmap_Year!H49>Thresholds!$E$7)*1+(Heatmap_Year!H66<Thresholds!$E$8)*1+(Heatmap_Year!H83>Thresholds!$E$9)*1+(ABS(LN(Heatmap_Year!H100))>Thresholds!$E$10)*1+(ABS(LN(Heatmap_Year!H117))>Thresholds!$E$11)*1+(Heatmap_Year!H134<Thresholds!$E$12)*1+(Heatmap_Year!H151>Thresholds!$E$13)*1+(Heatmap_Year!H168>Thresholds!$E$14)*1+(Heatmap_Year!H185>Thresholds!$E$15)*1+(Heatmap_Year!H202>Thresholds!$E$16)*1+(Heatmap_Year!H219>Thresholds!$E$17)*1>0,"AMBER","GREEN")) -> GREEN | I14: =IF((ABS(Heatmap_Year!I15)>Thresholds!$F$5)*1+(Heatmap_Year!I32>Thresholds!$F$6)*1+(Heatmap_Year!I49>Thresholds!$F$7)*1+(Heatmap_Year!I66<Thresholds!$F$8)*1+(Heatmap_Year!I83>Thresholds!$F$9)*1+(ABS(LN(Heatmap_Year!I100))>Thresholds!$F$10)*1+(ABS(LN(Heatmap_Year!I117))>Thresholds!$F$11)*1+(Heatmap_Year!I134<Thresholds!$F$12)*1+(Heatmap_Year!I151>Thresholds!$F$13)*1+(Heatmap_Year!I168>Thresholds!$F$14)*1+(Heatmap_Year!I185>Thresholds!$F$15)*1+(Heatmap_Year!I202>Thresholds!$F$16)*1+(Heatmap_Year!I219>Thresholds!$F$17)*1>0,"RED",IF((ABS(Heatmap_Year!I15)>Thresholds!$E$5)*1+(Heatmap_Year!I32>Thresholds!$E$6)*1+(Heatmap_Year!I49>Thresholds!$E$7)*1+(Heatmap_Year!I66<Thresholds!$E$8)*1+(Heatmap_Year!I83>Thresholds!$E$9)*1+(ABS(LN(Heatmap_Year!I100))>Thresholds!$E$10)*1+(ABS(LN(Heatmap_Year!I117))>Thresholds!$E$11)*1+(Heatmap_Year!I134<Thresholds!$E$12)*1+(Heatmap_Year!I151>Thresholds!$E$13)*1+(Heatmap_Year!I168>Thresholds!$E$14)*1+(Heatmap_Year!I185>Thresholds!$E$15)*1+(Heatmap_Year!I202>Thresholds!$E$16)*1+(Heatmap_Year!I219>Thresholds!$E$17)*1>0,"AMBER","GREEN")) -> GREEN | K14: 1Y | L14: =IF(ABS(Heatmap_Year!B15)>Thresholds!$F$5,"Bias ","")&IF(Heatmap_Year!B32>Thresholds!$F$6,"MaxSpread ","")&IF(Heatmap_Year!B49>Thresholds!$F$7,"Outlier ","")&IF(Heatmap_Year!B66<Thresholds!$F$8,"Spearman ","")&IF(Heatmap_Year!B83>Thresholds!$F$9,"KS ","")&IF(ABS(LN(Heatmap_Year!B100))>Thresholds!$F$10,"Vol ","")&IF(ABS(LN(Heatmap_Year!B117))>Thresholds!$F$11,"Tail ","")&IF(Heatmap_Year!B134<Thresholds!$F$12,"Direction ","")&IF(Heatmap_Year!B151>Thresholds!$F$13,"Stale% ","")&IF(Heatmap_Year!B168>Thresholds!$F$14,"StaleRun ","")&IF(Heatmap_Year!B185>Thresholds!$F$15,"TrendGap ","")&IF(Heatmap_Year!B202>Thresholds!$F$16,"OppTrend ","")&IF(Heatmap_Year!B219>Thresholds!$F$17,"Shape ","") | M14: =IF(ABS(Heatmap_Year!C15)>Thresholds!$F$5,"Bias ","")&IF(Heatmap_Year!C32>Thresholds!$F$6,"MaxSpread ","")&IF(Heatmap_Year!C49>Thresholds!$F$7,"Outlier ","")&IF(Heatmap_Year!C66<Thresholds!$F$8,"Spearman ","")&IF(Heatmap_Year!C83>Thresholds!$F$9,"KS ","")&IF(ABS(LN(Heatmap_Year!C100))>Thresholds!$F$10,"Vol ","")&IF(ABS(LN(Heatmap_Year!C117))>Thresholds!$F$11,"Tail ","")&IF(Heatmap_Year!C134<Thresholds!$F$12,"Direction ","")&IF(Heatmap_Year!C151>Thresholds!$F$13,"Stale% ","")&IF(Heatmap_Year!C168>Thresholds!$F$14,"StaleRun ","")&IF(Heatmap_Year!C185>Thresholds!$F$15,"TrendGap ","")&IF(Heatmap_Year!C202>Thresholds!$F$16,"OppTrend ","")&IF(Heatmap_Year!C219>Thresholds!$F$17,"Shape ","") | N14: =IF(ABS(Heatmap_Year!D15)>Thresholds!$F$5,"Bias ","")&IF(Heatmap_Year!D32>Thresholds!$F$6,"MaxSpread ","")&IF(Heatmap_Year!D49>Thresholds!$F$7,"Outlier ","")&IF(Heatmap_Year!D66<Thresholds!$F$8,"Spearman ","")&IF(Heatmap_Year!D83>Thresholds!$F$9,"KS ","")&IF(ABS(LN(Heatmap_Year!D100))>Thresholds!$F$10,"Vol ","")&IF(ABS(LN(Heatmap_Year!D117))>Thresholds!$F$11,"Tail ","")&IF(Heatmap_Year!D134<Thresholds!$F$12,"Direction ","")&IF(Heatmap_Year!D151>Thresholds!$F$13,"Stale% ","")&IF(Heatmap_Year!D168>Thresholds!$F$14,"StaleRun ","")&IF(Heatmap_Year!D185>Thresholds!$F$15,"TrendGap ","")&IF(Heatmap_Year!D202>Thresholds!$F$16,"OppTrend ","")&IF(Heatmap_Year!D219>Thresholds!$F$17,"Shape ","") | O14: =IF(ABS(Heatmap_Year!E15)>Thresholds!$F$5,"Bias ","")&IF(Heatmap_Year!E32>Thresholds!$F$6,"MaxSpread ","")&IF(Heatmap_Year!E49>Thresholds!$F$7,"Outlier ","")&IF(Heatmap_Year!E66<Thresholds!$F$8,"Spearman ","")&IF(Heatmap_Year!E83>Thresholds!$F$9,"KS ","")&IF(ABS(LN(Heatmap_Year!E100))>Thresholds!$F$10,"Vol ","")&IF(ABS(LN(Heatmap_Year!E117))>Thresholds!$F$11,"Tail ","")&IF(Heatmap_Year!E134<Thresholds!$F$12,"Direction ","")&IF(Heatmap_Year!E151>Thresholds!$F$13,"Stale% ","")&IF(Heatmap_Year!E168>Thresholds!$F$14,"StaleRun ","")&IF(Heatmap_Year!E185>Thresholds!$F$15,"TrendGap ","")&IF(Heatmap_Year!E202>Thresholds!$F$16,"OppTrend ","")&IF(Heatmap_Year!E219>Thresholds!$F$17,"Shape ","") | P14: =IF(ABS(Heatmap_Year!F15)>Thresholds!$F$5,"Bias ","")&IF(Heatmap_Year!F32>Thresholds!$F$6,"MaxSpread ","")&IF(Heatmap_Year!F49>Thresholds!$F$7,"Outlier ","")&IF(Heatmap_Year!F66<Thresholds!$F$8,"Spearman ","")&IF(Heatmap_Year!F83>Thresholds!$F$9,"KS ","")&IF(ABS(LN(Heatmap_Year!F100))>Thresholds!$F$10,"Vol ","")&IF(ABS(LN(Heatmap_Year!F117))>Thresholds!$F$11,"Tail ","")&IF(Heatmap_Year!F134<Thresholds!$F$12,"Direction ","")&IF(Heatmap_Year!F151>Thresholds!$F$13,"Stale% ","")&IF(Heatmap_Year!F168>Thresholds!$F$14,"StaleRun ","")&IF(Heatmap_Year!F185>Thresholds!$F$15,"TrendGap ","")&IF(Heatmap_Year!F202>Thresholds!$F$16,"OppTrend ","")&IF(Heatmap_Year!F219>Thresholds!$F$17,"Shape ","") | Q14: =IF(ABS(Heatmap_Year!G15)>Thresholds!$F$5,"Bias ","")&IF(Heatmap_Year!G32>Thresholds!$F$6,"MaxSpread ","")&IF(Heatmap_Year!G49>Thresholds!$F$7,"Outlier ","")&IF(Heatmap_Year!G66<Thresholds!$F$8,"Spearman ","")&IF(Heatmap_Year!G83>Thresholds!$F$9,"KS ","")&IF(ABS(LN(Heatmap_Year!G100))>Thresholds!$F$10,"Vol ","")&IF(ABS(LN(Heatmap_Year!G117))>Thresholds!$F$11,"Tail ","")&IF(Heatmap_Year!G134<Thresholds!$F$12,"Direction ","")&IF(Heatmap_Year!G151>Thresholds!$F$13,"Stale% ","")&IF(Heatmap_Year!G168>Thresholds!$F$14,"StaleRun ","")&IF(Heatmap_Year!G185>Thresholds!$F$15,"TrendGap ","")&IF(Heatmap_Year!G202>Thresholds!$F$16,"OppTrend ","")&IF(Heatmap_Year!G219>Thresholds!$F$17,"Shape ","") | R14: =IF(ABS(Heatmap_Year!H15)>Thresholds!$F$5,"Bias ","")&IF(Heatmap_Year!H32>Thresholds!$F$6,"MaxSpread ","")&IF(Heatmap_Year!H49>Thresholds!$F$7,"Outlier ","")&IF(Heatmap_Year!H66<Thresholds!$F$8,"Spearman ","")&IF(Heatmap_Year!H83>Thresholds!$F$9,"KS ","")&IF(ABS(LN(Heatmap_Year!H100))>Thresholds!$F$10,"Vol ","")&IF(ABS(LN(Heatmap_Year!H117))>Thresholds!$F$11,"Tail ","")&IF(Heatmap_Year!H134<Thresholds!$F$12,"Direction ","")&IF(Heatmap_Year!H151>Thresholds!$F$13,"Stale% ","")&IF(Heatmap_Year!H168>Thresholds!$F$14,"StaleRun ","")&IF(Heatmap_Year!H185>Thresholds!$F$15,"TrendGap ","")&IF(Heatmap_Year!H202>Thresholds!$F$16,"OppTrend ","")&IF(Heatmap_Year!H219>Thresholds!$F$17,"Shape ","") | S14: =IF(ABS(Heatmap_Year!I15)>Thresholds!$F$5,"Bias ","")&IF(Heatmap_Year!I32>Thresholds!$F$6,"MaxSpread ","")&IF(Heatmap_Year!I49>Thresholds!$F$7,"Outlier ","")&IF(Heatmap_Year!I66<Thresholds!$F$8,"Spearman ","")&IF(Heatmap_Year!I83>Thresholds!$F$9,"KS ","")&IF(ABS(LN(Heatmap_Year!I100))>Thresholds!$F$10,"Vol ","")&IF(ABS(LN(Heatmap_Year!I117))>Thresholds!$F$11,"Tail ","")&IF(Heatmap_Year!I134<Thresholds!$F$12,"Direction ","")&IF(Heatmap_Year!I151>Thresholds!$F$13,"Stale% ","")&IF(Heatmap_Year!I168>Thresholds!$F$14,"StaleRun ","")&IF(Heatmap_Year!I185>Thresholds!$F$15,"TrendGap ","")&IF(Heatmap_Year!I202>Thresholds!$F$16,"OppTrend ","")&IF(Heatmap_Year!I219>Thresholds!$F$17,"Shape ","")
A15: 2Y | B15: =IF((ABS(Heatmap_Year!B16)>Thresholds!$F$5)*1+(Heatmap_Year!B33>Thresholds!$F$6)*1+(Heatmap_Year!B50>Thresholds!$F$7)*1+(Heatmap_Year!B67<Thresholds!$F$8)*1+(Heatmap_Year!B84>Thresholds!$F$9)*1+(ABS(LN(Heatmap_Year!B101))>Thresholds!$F$10)*1+(ABS(LN(Heatmap_Year!B118))>Thresholds!$F$11)*1+(Heatmap_Year!B135<Thresholds!$F$12)*1+(Heatmap_Year!B152>Thresholds!$F$13)*1+(Heatmap_Year!B169>Thresholds!$F$14)*1+(Heatmap_Year!B186>Thresholds!$F$15)*1+(Heatmap_Year!B203>Thresholds!$F$16)*1+(Heatmap_Year!B220>Thresholds!$F$17)*1>0,"RED",IF((ABS(Heatmap_Year!B16)>Thresholds!$E$5)*1+(Heatmap_Year!B33>Thresholds!$E$6)*1+(Heatmap_Year!B50>Thresholds!$E$7)*1+(Heatmap_Year!B67<Thresholds!$E$8)*1+(Heatmap_Year!B84>Thresholds!$E$9)*1+(ABS(LN(Heatmap_Year!B101))>Thresholds!$E$10)*1+(ABS(LN(Heatmap_Year!B118))>Thresholds!$E$11)*1+(Heatmap_Year!B135<Thresholds!$E$12)*1+(Heatmap_Year!B152>Thresholds!$E$13)*1+(Heatmap_Year!B169>Thresholds!$E$14)*1+(Heatmap_Year!B186>Thresholds!$E$15)*1+(Heatmap_Year!B203>Thresholds!$E$16)*1+(Heatmap_Year!B220>Thresholds!$E$17)*1>0,"AMBER","GREEN")) -> GREEN | C15: =IF((ABS(Heatmap_Year!C16)>Thresholds!$F$5)*1+(Heatmap_Year!C33>Thresholds!$F$6)*1+(Heatmap_Year!C50>Thresholds!$F$7)*1+(Heatmap_Year!C67<Thresholds!$F$8)*1+(Heatmap_Year!C84>Thresholds!$F$9)*1+(ABS(LN(Heatmap_Year!C101))>Thresholds!$F$10)*1+(ABS(LN(Heatmap_Year!C118))>Thresholds!$F$11)*1+(Heatmap_Year!C135<Thresholds!$F$12)*1+(Heatmap_Year!C152>Thresholds!$F$13)*1+(Heatmap_Year!C169>Thresholds!$F$14)*1+(Heatmap_Year!C186>Thresholds!$F$15)*1+(Heatmap_Year!C203>Thresholds!$F$16)*1+(Heatmap_Year!C220>Thresholds!$F$17)*1>0,"RED",IF((ABS(Heatmap_Year!C16)>Thresholds!$E$5)*1+(Heatmap_Year!C33>Thresholds!$E$6)*1+(Heatmap_Year!C50>Thresholds!$E$7)*1+(Heatmap_Year!C67<Thresholds!$E$8)*1+(Heatmap_Year!C84>Thresholds!$E$9)*1+(ABS(LN(Heatmap_Year!C101))>Thresholds!$E$10)*1+(ABS(LN(Heatmap_Year!C118))>Thresholds!$E$11)*1+(Heatmap_Year!C135<Thresholds!$E$12)*1+(Heatmap_Year!C152>Thresholds!$E$13)*1+(Heatmap_Year!C169>Thresholds!$E$14)*1+(Heatmap_Year!C186>Thresholds!$E$15)*1+(Heatmap_Year!C203>Thresholds!$E$16)*1+(Heatmap_Year!C220>Thresholds!$E$17)*1>0,"AMBER","GREEN")) -> GREEN | D15: =IF((ABS(Heatmap_Year!D16)>Thresholds!$F$5)*1+(Heatmap_Year!D33>Thresholds!$F$6)*1+(Heatmap_Year!D50>Thresholds!$F$7)*1+(Heatmap_Year!D67<Thresholds!$F$8)*1+(Heatmap_Year!D84>Thresholds!$F$9)*1+(ABS(LN(Heatmap_Year!D101))>Thresholds!$F$10)*1+(ABS(LN(Heatmap_Year!D118))>Thresholds!$F$11)*1+(Heatmap_Year!D135<Thresholds!$F$12)*1+(Heatmap_Year!D152>Thresholds!$F$13)*1+(Heatmap_Year!D169>Thresholds!$F$14)*1+(Heatmap_Year!D186>Thresholds!$F$15)*1+(Heatmap_Year!D203>Thresholds!$F$16)*1+(Heatmap_Year!D220>Thresholds!$F$17)*1>0,"RED",IF((ABS(Heatmap_Year!D16)>Thresholds!$E$5)*1+(Heatmap_Year!D33>Thresholds!$E$6)*1+(Heatmap_Year!D50>Thresholds!$E$7)*1+(Heatmap_Year!D67<Thresholds!$E$8)*1+(Heatmap_Year!D84>Thresholds!$E$9)*1+(ABS(LN(Heatmap_Year!D101))>Thresholds!$E$10)*1+(ABS(LN(Heatmap_Year!D118))>Thresholds!$E$11)*1+(Heatmap_Year!D135<Thresholds!$E$12)*1+(Heatmap_Year!D152>Thresholds!$E$13)*1+(Heatmap_Year!D169>Thresholds!$E$14)*1+(Heatmap_Year!D186>Thresholds!$E$15)*1+(Heatmap_Year!D203>Thresholds!$E$16)*1+(Heatmap_Year!D220>Thresholds!$E$17)*1>0,"AMBER","GREEN")) -> GREEN | E15: =IF((ABS(Heatmap_Year!E16)>Thresholds!$F$5)*1+(Heatmap_Year!E33>Thresholds!$F$6)*1+(Heatmap_Year!E50>Thresholds!$F$7)*1+(Heatmap_Year!E67<Thresholds!$F$8)*1+(Heatmap_Year!E84>Thresholds!$F$9)*1+(ABS(LN(Heatmap_Year!E101))>Thresholds!$F$10)*1+(ABS(LN(Heatmap_Year!E118))>Thresholds!$F$11)*1+(Heatmap_Year!E135<Thresholds!$F$12)*1+(Heatmap_Year!E152>Thresholds!$F$13)*1+(Heatmap_Year!E169>Thresholds!$F$14)*1+(Heatmap_Year!E186>Thresholds!$F$15)*1+(Heatmap_Year!E203>Thresholds!$F$16)*1+(Heatmap_Year!E220>Thresholds!$F$17)*1>0,"RED",IF((ABS(Heatmap_Year!E16)>Thresholds!$E$5)*1+(Heatmap_Year!E33>Thresholds!$E$6)*1+(Heatmap_Year!E50>Thresholds!$E$7)*1+(Heatmap_Year!E67<Thresholds!$E$8)*1+(Heatmap_Year!E84>Thresholds!$E$9)*1+(ABS(LN(Heatmap_Year!E101))>Thresholds!$E$10)*1+(ABS(LN(Heatmap_Year!E118))>Thresholds!$E$11)*1+(Heatmap_Year!E135<Thresholds!$E$12)*1+(Heatmap_Year!E152>Thresholds!$E$13)*1+(Heatmap_Year!E169>Thresholds!$E$14)*1+(Heatmap_Year!E186>Thresholds!$E$15)*1+(Heatmap_Year!E203>Thresholds!$E$16)*1+(Heatmap_Year!E220>Thresholds!$E$17)*1>0,"AMBER","GREEN")) -> GREEN | F15: =IF((ABS(Heatmap_Year!F16)>Thresholds!$F$5)*1+(Heatmap_Year!F33>Thresholds!$F$6)*1+(Heatmap_Year!F50>Thresholds!$F$7)*1+(Heatmap_Year!F67<Thresholds!$F$8)*1+(Heatmap_Year!F84>Thresholds!$F$9)*1+(ABS(LN(Heatmap_Year!F101))>Thresholds!$F$10)*1+(ABS(LN(Heatmap_Year!F118))>Thresholds!$F$11)*1+(Heatmap_Year!F135<Thresholds!$F$12)*1+(Heatmap_Year!F152>Thresholds!$F$13)*1+(Heatmap_Year!F169>Thresholds!$F$14)*1+(Heatmap_Year!F186>Thresholds!$F$15)*1+(Heatmap_Year!F203>Thresholds!$F$16)*1+(Heatmap_Year!F220>Thresholds!$F$17)*1>0,"RED",IF((ABS(Heatmap_Year!F16)>Thresholds!$E$5)*1+(Heatmap_Year!F33>Thresholds!$E$6)*1+(Heatmap_Year!F50>Thresholds!$E$7)*1+(Heatmap_Year!F67<Thresholds!$E$8)*1+(Heatmap_Year!F84>Thresholds!$E$9)*1+(ABS(LN(Heatmap_Year!F101))>Thresholds!$E$10)*1+(ABS(LN(Heatmap_Year!F118))>Thresholds!$E$11)*1+(Heatmap_Year!F135<Thresholds!$E$12)*1+(Heatmap_Year!F152>Thresholds!$E$13)*1+(Heatmap_Year!F169>Thresholds!$E$14)*1+(Heatmap_Year!F186>Thresholds!$E$15)*1+(Heatmap_Year!F203>Thresholds!$E$16)*1+(Heatmap_Year!F220>Thresholds!$E$17)*1>0,"AMBER","GREEN")) -> RED | G15: =IF((ABS(Heatmap_Year!G16)>Thresholds!$F$5)*1+(Heatmap_Year!G33>Thresholds!$F$6)*1+(Heatmap_Year!G50>Thresholds!$F$7)*1+(Heatmap_Year!G67<Thresholds!$F$8)*1+(Heatmap_Year!G84>Thresholds!$F$9)*1+(ABS(LN(Heatmap_Year!G101))>Thresholds!$F$10)*1+(ABS(LN(Heatmap_Year!G118))>Thresholds!$F$11)*1+(Heatmap_Year!G135<Thresholds!$F$12)*1+(Heatmap_Year!G152>Thresholds!$F$13)*1+(Heatmap_Year!G169>Thresholds!$F$14)*1+(Heatmap_Year!G186>Thresholds!$F$15)*1+(Heatmap_Year!G203>Thresholds!$F$16)*1+(Heatmap_Year!G220>Thresholds!$F$17)*1>0,"RED",IF((ABS(Heatmap_Year!G16)>Thresholds!$E$5)*1+(Heatmap_Year!G33>Thresholds!$E$6)*1+(Heatmap_Year!G50>Thresholds!$E$7)*1+(Heatmap_Year!G67<Thresholds!$E$8)*1+(Heatmap_Year!G84>Thresholds!$E$9)*1+(ABS(LN(Heatmap_Year!G101))>Thresholds!$E$10)*1+(ABS(LN(Heatmap_Year!G118))>Thresholds!$E$11)*1+(Heatmap_Year!G135<Thresholds!$E$12)*1+(Heatmap_Year!G152>Thresholds!$E$13)*1+(Heatmap_Year!G169>Thresholds!$E$14)*1+(Heatmap_Year!G186>Thresholds!$E$15)*1+(Heatmap_Year!G203>Thresholds!$E$16)*1+(Heatmap_Year!G220>Thresholds!$E$17)*1>0,"AMBER","GREEN")) -> GREEN | H15: =IF((ABS(Heatmap_Year!H16)>Thresholds!$F$5)*1+(Heatmap_Year!H33>Thresholds!$F$6)*1+(Heatmap_Year!H50>Thresholds!$F$7)*1+(Heatmap_Year!H67<Thresholds!$F$8)*1+(Heatmap_Year!H84>Thresholds!$F$9)*1+(ABS(LN(Heatmap_Year!H101))>Thresholds!$F$10)*1+(ABS(LN(Heatmap_Year!H118))>Thresholds!$F$11)*1+(Heatmap_Year!H135<Thresholds!$F$12)*1+(Heatmap_Year!H152>Thresholds!$F$13)*1+(Heatmap_Year!H169>Thresholds!$F$14)*1+(Heatmap_Year!H186>Thresholds!$F$15)*1+(Heatmap_Year!H203>Thresholds!$F$16)*1+(Heatmap_Year!H220>Thresholds!$F$17)*1>0,"RED",IF((ABS(Heatmap_Year!H16)>Thresholds!$E$5)*1+(Heatmap_Year!H33>Thresholds!$E$6)*1+(Heatmap_Year!H50>Thresholds!$E$7)*1+(Heatmap_Year!H67<Thresholds!$E$8)*1+(Heatmap_Year!H84>Thresholds!$E$9)*1+(ABS(LN(Heatmap_Year!H101))>Thresholds!$E$10)*1+(ABS(LN(Heatmap_Year!H118))>Thresholds!$E$11)*1+(Heatmap_Year!H135<Thresholds!$E$12)*1+(Heatmap_Year!H152>Thresholds!$E$13)*1+(Heatmap_Year!H169>Thresholds!$E$14)*1+(Heatmap_Year!H186>Thresholds!$E$15)*1+(Heatmap_Year!H203>Thresholds!$E$16)*1+(Heatmap_Year!H220>Thresholds!$E$17)*1>0,"AMBER","GREEN")) -> GREEN | I15: =IF((ABS(Heatmap_Year!I16)>Thresholds!$F$5)*1+(Heatmap_Year!I33>Thresholds!$F$6)*1+(Heatmap_Year!I50>Thresholds!$F$7)*1+(Heatmap_Year!I67<Thresholds!$F$8)*1+(Heatmap_Year!I84>Thresholds!$F$9)*1+(ABS(LN(Heatmap_Year!I101))>Thresholds!$F$10)*1+(ABS(LN(Heatmap_Year!I118))>Thresholds!$F$11)*1+(Heatmap_Year!I135<Thresholds!$F$12)*1+(Heatmap_Year!I152>Thresholds!$F$13)*1+(Heatmap_Year!I169>Thresholds!$F$14)*1+(Heatmap_Year!I186>Thresholds!$F$15)*1+(Heatmap_Year!I203>Thresholds!$F$16)*1+(Heatmap_Year!I220>Thresholds!$F$17)*1>0,"RED",IF((ABS(Heatmap_Year!I16)>Thresholds!$E$5)*1+(Heatmap_Year!I33>Thresholds!$E$6)*1+(Heatmap_Year!I50>Thresholds!$E$7)*1+(Heatmap_Year!I67<Thresholds!$E$8)*1+(Heatmap_Year!I84>Thresholds!$E$9)*1+(ABS(LN(Heatmap_Year!I101))>Thresholds!$E$10)*1+(ABS(LN(Heatmap_Year!I118))>Thresholds!$E$11)*1+(Heatmap_Year!I135<Thresholds!$E$12)*1+(Heatmap_Year!I152>Thresholds!$E$13)*1+(Heatmap_Year!I169>Thresholds!$E$14)*1+(Heatmap_Year!I186>Thresholds!$E$15)*1+(Heatmap_Year!I203>Thresholds!$E$16)*1+(Heatmap_Year!I220>Thresholds!$E$17)*1>0,"AMBER","GREEN")) -> RED | K15: 2Y | L15: =IF(ABS(Heatmap_Year!B16)>Thresholds!$F$5,"Bias ","")&IF(Heatmap_Year!B33>Thresholds!$F$6,"MaxSpread ","")&IF(Heatmap_Year!B50>Thresholds!$F$7,"Outlier ","")&IF(Heatmap_Year!B67<Thresholds!$F$8,"Spearman ","")&IF(Heatmap_Year!B84>Thresholds!$F$9,"KS ","")&IF(ABS(LN(Heatmap_Year!B101))>Thresholds!$F$10,"Vol ","")&IF(ABS(LN(Heatmap_Year!B118))>Thresholds!$F$11,"Tail ","")&IF(Heatmap_Year!B135<Thresholds!$F$12,"Direction ","")&IF(Heatmap_Year!B152>Thresholds!$F$13,"Stale% ","")&IF(Heatmap_Year!B169>Thresholds!$F$14,"StaleRun ","")&IF(Heatmap_Year!B186>Thresholds!$F$15,"TrendGap ","")&IF(Heatmap_Year!B203>Thresholds!$F$16,"OppTrend ","")&IF(Heatmap_Year!B220>Thresholds!$F$17,"Shape ","") | M15: =IF(ABS(Heatmap_Year!C16)>Thresholds!$F$5,"Bias ","")&IF(Heatmap_Year!C33>Thresholds!$F$6,"MaxSpread ","")&IF(Heatmap_Year!C50>Thresholds!$F$7,"Outlier ","")&IF(Heatmap_Year!C67<Thresholds!$F$8,"Spearman ","")&IF(Heatmap_Year!C84>Thresholds!$F$9,"KS ","")&IF(ABS(LN(Heatmap_Year!C101))>Thresholds!$F$10,"Vol ","")&IF(ABS(LN(Heatmap_Year!C118))>Thresholds!$F$11,"Tail ","")&IF(Heatmap_Year!C135<Thresholds!$F$12,"Direction ","")&IF(Heatmap_Year!C152>Thresholds!$F$13,"Stale% ","")&IF(Heatmap_Year!C169>Thresholds!$F$14,"StaleRun ","")&IF(Heatmap_Year!C186>Thresholds!$F$15,"TrendGap ","")&IF(Heatmap_Year!C203>Thresholds!$F$16,"OppTrend ","")&IF(Heatmap_Year!C220>Thresholds!$F$17,"Shape ","") | N15: =IF(ABS(Heatmap_Year!D16)>Thresholds!$F$5,"Bias ","")&IF(Heatmap_Year!D33>Thresholds!$F$6,"MaxSpread ","")&IF(Heatmap_Year!D50>Thresholds!$F$7,"Outlier ","")&IF(Heatmap_Year!D67<Thresholds!$F$8,"Spearman ","")&IF(Heatmap_Year!D84>Thresholds!$F$9,"KS ","")&IF(ABS(LN(Heatmap_Year!D101))>Thresholds!$F$10,"Vol ","")&IF(ABS(LN(Heatmap_Year!D118))>Thresholds!$F$11,"Tail ","")&IF(Heatmap_Year!D135<Thresholds!$F$12,"Direction ","")&IF(Heatmap_Year!D152>Thresholds!$F$13,"Stale% ","")&IF(Heatmap_Year!D169>Thresholds!$F$14,"StaleRun ","")&IF(Heatmap_Year!D186>Thresholds!$F$15,"TrendGap ","")&IF(Heatmap_Year!D203>Thresholds!$F$16,"OppTrend ","")&IF(Heatmap_Year!D220>Thresholds!$F$17,"Shape ","") | O15: =IF(ABS(Heatmap_Year!E16)>Thresholds!$F$5,"Bias ","")&IF(Heatmap_Year!E33>Thresholds!$F$6,"MaxSpread ","")&IF(Heatmap_Year!E50>Thresholds!$F$7,"Outlier ","")&IF(Heatmap_Year!E67<Thresholds!$F$8,"Spearman ","")&IF(Heatmap_Year!E84>Thresholds!$F$9,"KS ","")&IF(ABS(LN(Heatmap_Year!E101))>Thresholds!$F$10,"Vol ","")&IF(ABS(LN(Heatmap_Year!E118))>Thresholds!$F$11,"Tail ","")&IF(Heatmap_Year!E135<Thresholds!$F$12,"Direction ","")&IF(Heatmap_Year!E152>Thresholds!$F$13,"Stale% ","")&IF(Heatmap_Year!E169>Thresholds!$F$14,"StaleRun ","")&IF(Heatmap_Year!E186>Thresholds!$F$15,"TrendGap ","")&IF(Heatmap_Year!E203>Thresholds!$F$16,"OppTrend ","")&IF(Heatmap_Year!E220>Thresholds!$F$17,"Shape ","") | P15: =IF(ABS(Heatmap_Year!F16)>Thresholds!$F$5,"Bias ","")&IF(Heatmap_Year!F33>Thresholds!$F$6,"MaxSpread ","")&IF(Heatmap_Year!F50>Thresholds!$F$7,"Outlier ","")&IF(Heatmap_Year!F67<Thresholds!$F$8,"Spearman ","")&IF(Heatmap_Year!F84>Thresholds!$F$9,"KS ","")&IF(ABS(LN(Heatmap_Year!F101))>Thresholds!$F$10,"Vol ","")&IF(ABS(LN(Heatmap_Year!F118))>Thresholds!$F$11,"Tail ","")&IF(Heatmap_Year!F135<Thresholds!$F$12,"Direction ","")&IF(Heatmap_Year!F152>Thresholds!$F$13,"Stale% ","")&IF(Heatmap_Year!F169>Thresholds!$F$14,"StaleRun ","")&IF(Heatmap_Year!F186>Thresholds!$F$15,"TrendGap ","")&IF(Heatmap_Year!F203>Thresholds!$F$16,"OppTrend ","")&IF(Heatmap_Year!F220>Thresholds!$F$17,"Shape ","") -> MaxSpread Outlier TrendGap OppTrend Shape | Q15: =IF(ABS(Heatmap_Year!G16)>Thresholds!$F$5,"Bias ","")&IF(Heatmap_Year!G33>Thresholds!$F$6,"MaxSpread ","")&IF(Heatmap_Year!G50>Thresholds!$F$7,"Outlier ","")&IF(Heatmap_Year!G67<Thresholds!$F$8,"Spearman ","")&IF(Heatmap_Year!G84>Thresholds!$F$9,"KS ","")&IF(ABS(LN(Heatmap_Year!G101))>Thresholds!$F$10,"Vol ","")&IF(ABS(LN(Heatmap_Year!G118))>Thresholds!$F$11,"Tail ","")&IF(Heatmap_Year!G135<Thresholds!$F$12,"Direction ","")&IF(Heatmap_Year!G152>Thresholds!$F$13,"Stale% ","")&IF(Heatmap_Year!G169>Thresholds!$F$14,"StaleRun ","")&IF(Heatmap_Year!G186>Thresholds!$F$15,"TrendGap ","")&IF(Heatmap_Year!G203>Thresholds!$F$16,"OppTrend ","")&IF(Heatmap_Year!G220>Thresholds!$F$17,"Shape ","") | R15: =IF(ABS(Heatmap_Year!H16)>Thresholds!$F$5,"Bias ","")&IF(Heatmap_Year!H33>Thresholds!$F$6,"MaxSpread ","")&IF(Heatmap_Year!H50>Thresholds!$F$7,"Outlier ","")&IF(Heatmap_Year!H67<Thresholds!$F$8,"Spearman ","")&IF(Heatmap_Year!H84>Thresholds!$F$9,"KS ","")&IF(ABS(LN(Heatmap_Year!H101))>Thresholds!$F$10,"Vol ","")&IF(ABS(LN(Heatmap_Year!H118))>Thresholds!$F$11,"Tail ","")&IF(Heatmap_Year!H135<Thresholds!$F$12,"Direction ","")&IF(Heatmap_Year!H152>Thresholds!$F$13,"Stale% ","")&IF(Heatmap_Year!H169>Thresholds!$F$14,"StaleRun ","")&IF(Heatmap_Year!H186>Thresholds!$F$15,"TrendGap ","")&IF(Heatmap_Year!H203>Thresholds!$F$16,"OppTrend ","")&IF(Heatmap_Year!H220>Thresholds!$F$17,"Shape ","") | S15: =IF(ABS(Heatmap_Year!I16)>Thresholds!$F$5,"Bias ","")&IF(Heatmap_Year!I33>Thresholds!$F$6,"MaxSpread ","")&IF(Heatmap_Year!I50>Thresholds!$F$7,"Outlier ","")&IF(Heatmap_Year!I67<Thresholds!$F$8,"Spearman ","")&IF(Heatmap_Year!I84>Thresholds!$F$9,"KS ","")&IF(ABS(LN(Heatmap_Year!I101))>Thresholds!$F$10,"Vol ","")&IF(ABS(LN(Heatmap_Year!I118))>Thresholds!$F$11,"Tail ","")&IF(Heatmap_Year!I135<Thresholds!$F$12,"Direction ","")&IF(Heatmap_Year!I152>Thresholds!$F$13,"Stale% ","")&IF(Heatmap_Year!I169>Thresholds!$F$14,"StaleRun ","")&IF(Heatmap_Year!I186>Thresholds!$F$15,"TrendGap ","")&IF(Heatmap_Year!I203>Thresholds!$F$16,"OppTrend ","")&IF(Heatmap_Year!I220>Thresholds!$F$17,"Shape ","") -> MaxSpread Outlier TrendGap OppTrend Shape
A16: 3Y | B16: =IF((ABS(Heatmap_Year!B17)>Thresholds!$F$5)*1+(Heatmap_Year!B34>Thresholds!$F$6)*1+(Heatmap_Year!B51>Thresholds!$F$7)*1+(Heatmap_Year!B68<Thresholds!$F$8)*1+(Heatmap_Year!B85>Thresholds!$F$9)*1+(ABS(LN(Heatmap_Year!B102))>Thresholds!$F$10)*1+(ABS(LN(Heatmap_Year!B119))>Thresholds!$F$11)*1+(Heatmap_Year!B136<Thresholds!$F$12)*1+(Heatmap_Year!B153>Thresholds!$F$13)*1+(Heatmap_Year!B170>Thresholds!$F$14)*1+(Heatmap_Year!B187>Thresholds!$F$15)*1+(Heatmap_Year!B204>Thresholds!$F$16)*1+(Heatmap_Year!B221>Thresholds!$F$17)*1>0,"RED",IF((ABS(Heatmap_Year!B17)>Thresholds!$E$5)*1+(Heatmap_Year!B34>Thresholds!$E$6)*1+(Heatmap_Year!B51>Thresholds!$E$7)*1+(Heatmap_Year!B68<Thresholds!$E$8)*1+(Heatmap_Year!B85>Thresholds!$E$9)*1+(ABS(LN(Heatmap_Year!B102))>Thresholds!$E$10)*1+(ABS(LN(Heatmap_Year!B119))>Thresholds!$E$11)*1+(Heatmap_Year!B136<Thresholds!$E$12)*1+(Heatmap_Year!B153>Thresholds!$E$13)*1+(Heatmap_Year!B170>Thresholds!$E$14)*1+(Heatmap_Year!B187>Thresholds!$E$15)*1+(Heatmap_Year!B204>Thresholds!$E$16)*1+(Heatmap_Year!B221>Thresholds!$E$17)*1>0,"AMBER","GREEN")) -> GREEN | C16: =IF((ABS(Heatmap_Year!C17)>Thresholds!$F$5)*1+(Heatmap_Year!C34>Thresholds!$F$6)*1+(Heatmap_Year!C51>Thresholds!$F$7)*1+(Heatmap_Year!C68<Thresholds!$F$8)*1+(Heatmap_Year!C85>Thresholds!$F$9)*1+(ABS(LN(Heatmap_Year!C102))>Thresholds!$F$10)*1+(ABS(LN(Heatmap_Year!C119))>Thresholds!$F$11)*1+(Heatmap_Year!C136<Thresholds!$F$12)*1+(Heatmap_Year!C153>Thresholds!$F$13)*1+(Heatmap_Year!C170>Thresholds!$F$14)*1+(Heatmap_Year!C187>Thresholds!$F$15)*1+(Heatmap_Year!C204>Thresholds!$F$16)*1+(Heatmap_Year!C221>Thresholds!$F$17)*1>0,"RED",IF((ABS(Heatmap_Year!C17)>Thresholds!$E$5)*1+(Heatmap_Year!C34>Thresholds!$E$6)*1+(Heatmap_Year!C51>Thresholds!$E$7)*1+(Heatmap_Year!C68<Thresholds!$E$8)*1+(Heatmap_Year!C85>Thresholds!$E$9)*1+(ABS(LN(Heatmap_Year!C102))>Thresholds!$E$10)*1+(ABS(LN(Heatmap_Year!C119))>Thresholds!$E$11)*1+(Heatmap_Year!C136<Thresholds!$E$12)*1+(Heatmap_Year!C153>Thresholds!$E$13)*1+(Heatmap_Year!C170>Thresholds!$E$14)*1+(Heatmap_Year!C187>Thresholds!$E$15)*1+(Heatmap_Year!C204>Thresholds!$E$16)*1+(Heatmap_Year!C221>Thresholds!$E$17)*1>0,"AMBER","GREEN")) -> GREEN | D16: =IF((ABS(Heatmap_Year!D17)>Thresholds!$F$5)*1+(Heatmap_Year!D34>Thresholds!$F$6)*1+(Heatmap_Year!D51>Thresholds!$F$7)*1+(Heatmap_Year!D68<Thresholds!$F$8)*1+(Heatmap_Year!D85>Thresholds!$F$9)*1+(ABS(LN(Heatmap_Year!D102))>Thresholds!$F$10)*1+(ABS(LN(Heatmap_Year!D119))>Thresholds!$F$11)*1+(Heatmap_Year!D136<Thresholds!$F$12)*1+(Heatmap_Year!D153>Thresholds!$F$13)*1+(Heatmap_Year!D170>Thresholds!$F$14)*1+(Heatmap_Year!D187>Thresholds!$F$15)*1+(Heatmap_Year!D204>Thresholds!$F$16)*1+(Heatmap_Year!D221>Thresholds!$F$17)*1>0,"RED",IF((ABS(Heatmap_Year!D17)>Thresholds!$E$5)*1+(Heatmap_Year!D34>Thresholds!$E$6)*1+(Heatmap_Year!D51>Thresholds!$E$7)*1+(Heatmap_Year!D68<Thresholds!$E$8)*1+(Heatmap_Year!D85>Thresholds!$E$9)*1+(ABS(LN(Heatmap_Year!D102))>Thresholds!$E$10)*1+(ABS(LN(Heatmap_Year!D119))>Thresholds!$E$11)*1+(Heatmap_Year!D136<Thresholds!$E$12)*1+(Heatmap_Year!D153>Thresholds!$E$13)*1+(Heatmap_Year!D170>Thresholds!$E$14)*1+(Heatmap_Year!D187>Thresholds!$E$15)*1+(Heatmap_Year!D204>Thresholds!$E$16)*1+(Heatmap_Year!D221>Thresholds!$E$17)*1>0,"AMBER","GREEN")) -> GREEN | E16: =IF((ABS(Heatmap_Year!E17)>Thresholds!$F$5)*1+(Heatmap_Year!E34>Thresholds!$F$6)*1+(Heatmap_Year!E51>Thresholds!$F$7)*1+(Heatmap_Year!E68<Thresholds!$F$8)*1+(Heatmap_Year!E85>Thresholds!$F$9)*1+(ABS(LN(Heatmap_Year!E102))>Thresholds!$F$10)*1+(ABS(LN(Heatmap_Year!E119))>Thresholds!$F$11)*1+(Heatmap_Year!E136<Thresholds!$F$12)*1+(Heatmap_Year!E153>Thresholds!$F$13)*1+(Heatmap_Year!E170>Thresholds!$F$14)*1+(Heatmap_Year!E187>Thresholds!$F$15)*1+(Heatmap_Year!E204>Thresholds!$F$16)*1+(Heatmap_Year!E221>Thresholds!$F$17)*1>0,"RED",IF((ABS(Heatmap_Year!E17)>Thresholds!$E$5)*1+(Heatmap_Year!E34>Thresholds!$E$6)*1+(Heatmap_Year!E51>Thresholds!$E$7)*1+(Heatmap_Year!E68<Thresholds!$E$8)*1+(Heatmap_Year!E85>Thresholds!$E$9)*1+(ABS(LN(Heatmap_Year!E102))>Thresholds!$E$10)*1+(ABS(LN(Heatmap_Year!E119))>Thresholds!$E$11)*1+(Heatmap_Year!E136<Thresholds!$E$12)*1+(Heatmap_Year!E153>Thresholds!$E$13)*1+(Heatmap_Year!E170>Thresholds!$E$14)*1+(Heatmap_Year!E187>Thresholds!$E$15)*1+(Heatmap_Year!E204>Thresholds!$E$16)*1+(Heatmap_Year!E221>Thresholds!$E$17)*1>0,"AMBER","GREEN")) -> GREEN | F16: =IF((ABS(Heatmap_Year!F17)>Thresholds!$F$5)*1+(Heatmap_Year!F34>Thresholds!$F$6)*1+(Heatmap_Year!F51>Thresholds!$F$7)*1+(Heatmap_Year!F68<Thresholds!$F$8)*1+(Heatmap_Year!F85>Thresholds!$F$9)*1+(ABS(LN(Heatmap_Year!F102))>Thresholds!$F$10)*1+(ABS(LN(Heatmap_Year!F119))>Thresholds!$F$11)*1+(Heatmap_Year!F136<Thresholds!$F$12)*1+(Heatmap_Year!F153>Thresholds!$F$13)*1+(Heatmap_Year!F170>Thresholds!$F$14)*1+(Heatmap_Year!F187>Thresholds!$F$15)*1+(Heatmap_Year!F204>Thresholds!$F$16)*1+(Heatmap_Year!F221>Thresholds!$F$17)*1>0,"RED",IF((ABS(Heatmap_Year!F17)>Thresholds!$E$5)*1+(Heatmap_Year!F34>Thresholds!$E$6)*1+(Heatmap_Year!F51>Thresholds!$E$7)*1+(Heatmap_Year!F68<Thresholds!$E$8)*1+(Heatmap_Year!F85>Thresholds!$E$9)*1+(ABS(LN(Heatmap_Year!F102))>Thresholds!$E$10)*1+(ABS(LN(Heatmap_Year!F119))>Thresholds!$E$11)*1+(Heatmap_Year!F136<Thresholds!$E$12)*1+(Heatmap_Year!F153>Thresholds!$E$13)*1+(Heatmap_Year!F170>Thresholds!$E$14)*1+(Heatmap_Year!F187>Thresholds!$E$15)*1+(Heatmap_Year!F204>Thresholds!$E$16)*1+(Heatmap_Year!F221>Thresholds!$E$17)*1>0,"AMBER","GREEN")) -> GREEN | G16: =IF((ABS(Heatmap_Year!G17)>Thresholds!$F$5)*1+(Heatmap_Year!G34>Thresholds!$F$6)*1+(Heatmap_Year!G51>Thresholds!$F$7)*1+(Heatmap_Year!G68<Thresholds!$F$8)*1+(Heatmap_Year!G85>Thresholds!$F$9)*1+(ABS(LN(Heatmap_Year!G102))>Thresholds!$F$10)*1+(ABS(LN(Heatmap_Year!G119))>Thresholds!$F$11)*1+(Heatmap_Year!G136<Thresholds!$F$12)*1+(Heatmap_Year!G153>Thresholds!$F$13)*1+(Heatmap_Year!G170>Thresholds!$F$14)*1+(Heatmap_Year!G187>Thresholds!$F$15)*1+(Heatmap_Year!G204>Thresholds!$F$16)*1+(Heatmap_Year!G221>Thresholds!$F$17)*1>0,"RED",IF((ABS(Heatmap_Year!G17)>Thresholds!$E$5)*1+(Heatmap_Year!G34>Thresholds!$E$6)*1+(Heatmap_Year!G51>Thresholds!$E$7)*1+(Heatmap_Year!G68<Thresholds!$E$8)*1+(Heatmap_Year!G85>Thresholds!$E$9)*1+(ABS(LN(Heatmap_Year!G102))>Thresholds!$E$10)*1+(ABS(LN(Heatmap_Year!G119))>Thresholds!$E$11)*1+(Heatmap_Year!G136<Thresholds!$E$12)*1+(Heatmap_Year!G153>Thresholds!$E$13)*1+(Heatmap_Year!G170>Thresholds!$E$14)*1+(Heatmap_Year!G187>Thresholds!$E$15)*1+(Heatmap_Year!G204>Thresholds!$E$16)*1+(Heatmap_Year!G221>Thresholds!$E$17)*1>0,"AMBER","GREEN")) -> GREEN | H16: =IF((ABS(Heatmap_Year!H17)>Thresholds!$F$5)*1+(Heatmap_Year!H34>Thresholds!$F$6)*1+(Heatmap_Year!H51>Thresholds!$F$7)*1+(Heatmap_Year!H68<Thresholds!$F$8)*1+(Heatmap_Year!H85>Thresholds!$F$9)*1+(ABS(LN(Heatmap_Year!H102))>Thresholds!$F$10)*1+(ABS(LN(Heatmap_Year!H119))>Thresholds!$F$11)*1+(Heatmap_Year!H136<Thresholds!$F$12)*1+(Heatmap_Year!H153>Thresholds!$F$13)*1+(Heatmap_Year!H170>Thresholds!$F$14)*1+(Heatmap_Year!H187>Thresholds!$F$15)*1+(Heatmap_Year!H204>Thresholds!$F$16)*1+(Heatmap_Year!H221>Thresholds!$F$17)*1>0,"RED",IF((ABS(Heatmap_Year!H17)>Thresholds!$E$5)*1+(Heatmap_Year!H34>Thresholds!$E$6)*1+(Heatmap_Year!H51>Thresholds!$E$7)*1+(Heatmap_Year!H68<Thresholds!$E$8)*1+(Heatmap_Year!H85>Thresholds!$E$9)*1+(ABS(LN(Heatmap_Year!H102))>Thresholds!$E$10)*1+(ABS(LN(Heatmap_Year!H119))>Thresholds!$E$11)*1+(Heatmap_Year!H136<Thresholds!$E$12)*1+(Heatmap_Year!H153>Thresholds!$E$13)*1+(Heatmap_Year!H170>Thresholds!$E$14)*1+(Heatmap_Year!H187>Thresholds!$E$15)*1+(Heatmap_Year!H204>Thresholds!$E$16)*1+(Heatmap_Year!H221>Thresholds!$E$17)*1>0,"AMBER","GREEN")) -> GREEN | I16: =IF((ABS(Heatmap_Year!I17)>Thresholds!$F$5)*1+(Heatmap_Year!I34>Thresholds!$F$6)*1+(Heatmap_Year!I51>Thresholds!$F$7)*1+(Heatmap_Year!I68<Thresholds!$F$8)*1+(Heatmap_Year!I85>Thresholds!$F$9)*1+(ABS(LN(Heatmap_Year!I102))>Thresholds!$F$10)*1+(ABS(LN(Heatmap_Year!I119))>Thresholds!$F$11)*1+(Heatmap_Year!I136<Thresholds!$F$12)*1+(Heatmap_Year!I153>Thresholds!$F$13)*1+(Heatmap_Year!I170>Thresholds!$F$14)*1+(Heatmap_Year!I187>Thresholds!$F$15)*1+(Heatmap_Year!I204>Thresholds!$F$16)*1+(Heatmap_Year!I221>Thresholds!$F$17)*1>0,"RED",IF((ABS(Heatmap_Year!I17)>Thresholds!$E$5)*1+(Heatmap_Year!I34>Thresholds!$E$6)*1+(Heatmap_Year!I51>Thresholds!$E$7)*1+(Heatmap_Year!I68<Thresholds!$E$8)*1+(Heatmap_Year!I85>Thresholds!$E$9)*1+(ABS(LN(Heatmap_Year!I102))>Thresholds!$E$10)*1+(ABS(LN(Heatmap_Year!I119))>Thresholds!$E$11)*1+(Heatmap_Year!I136<Thresholds!$E$12)*1+(Heatmap_Year!I153>Thresholds!$E$13)*1+(Heatmap_Year!I170>Thresholds!$E$14)*1+(Heatmap_Year!I187>Thresholds!$E$15)*1+(Heatmap_Year!I204>Thresholds!$E$16)*1+(Heatmap_Year!I221>Thresholds!$E$17)*1>0,"AMBER","GREEN")) -> GREEN | K16: 3Y | L16: =IF(ABS(Heatmap_Year!B17)>Thresholds!$F$5,"Bias ","")&IF(Heatmap_Year!B34>Thresholds!$F$6,"MaxSpread ","")&IF(Heatmap_Year!B51>Thresholds!$F$7,"Outlier ","")&IF(Heatmap_Year!B68<Thresholds!$F$8,"Spearman ","")&IF(Heatmap_Year!B85>Thresholds!$F$9,"KS ","")&IF(ABS(LN(Heatmap_Year!B102))>Thresholds!$F$10,"Vol ","")&IF(ABS(LN(Heatmap_Year!B119))>Thresholds!$F$11,"Tail ","")&IF(Heatmap_Year!B136<Thresholds!$F$12,"Direction ","")&IF(Heatmap_Year!B153>Thresholds!$F$13,"Stale% ","")&IF(Heatmap_Year!B170>Thresholds!$F$14,"StaleRun ","")&IF(Heatmap_Year!B187>Thresholds!$F$15,"TrendGap ","")&IF(Heatmap_Year!B204>Thresholds!$F$16,"OppTrend ","")&IF(Heatmap_Year!B221>Thresholds!$F$17,"Shape ","") | M16: =IF(ABS(Heatmap_Year!C17)>Thresholds!$F$5,"Bias ","")&IF(Heatmap_Year!C34>Thresholds!$F$6,"MaxSpread ","")&IF(Heatmap_Year!C51>Thresholds!$F$7,"Outlier ","")&IF(Heatmap_Year!C68<Thresholds!$F$8,"Spearman ","")&IF(Heatmap_Year!C85>Thresholds!$F$9,"KS ","")&IF(ABS(LN(Heatmap_Year!C102))>Thresholds!$F$10,"Vol ","")&IF(ABS(LN(Heatmap_Year!C119))>Thresholds!$F$11,"Tail ","")&IF(Heatmap_Year!C136<Thresholds!$F$12,"Direction ","")&IF(Heatmap_Year!C153>Thresholds!$F$13,"Stale% ","")&IF(Heatmap_Year!C170>Thresholds!$F$14,"StaleRun ","")&IF(Heatmap_Year!C187>Thresholds!$F$15,"TrendGap ","")&IF(Heatmap_Year!C204>Thresholds!$F$16,"OppTrend ","")&IF(Heatmap_Year!C221>Thresholds!$F$17,"Shape ","") | N16: =IF(ABS(Heatmap_Year!D17)>Thresholds!$F$5,"Bias ","")&IF(Heatmap_Year!D34>Thresholds!$F$6,"MaxSpread ","")&IF(Heatmap_Year!D51>Thresholds!$F$7,"Outlier ","")&IF(Heatmap_Year!D68<Thresholds!$F$8,"Spearman ","")&IF(Heatmap_Year!D85>Thresholds!$F$9,"KS ","")&IF(ABS(LN(Heatmap_Year!D102))>Thresholds!$F$10,"Vol ","")&IF(ABS(LN(Heatmap_Year!D119))>Thresholds!$F$11,"Tail ","")&IF(Heatmap_Year!D136<Thresholds!$F$12,"Direction ","")&IF(Heatmap_Year!D153>Thresholds!$F$13,"Stale% ","")&IF(Heatmap_Year!D170>Thresholds!$F$14,"StaleRun ","")&IF(Heatmap_Year!D187>Thresholds!$F$15,"TrendGap ","")&IF(Heatmap_Year!D204>Thresholds!$F$16,"OppTrend ","")&IF(Heatmap_Year!D221>Thresholds!$F$17,"Shape ","") | O16: =IF(ABS(Heatmap_Year!E17)>Thresholds!$F$5,"Bias ","")&IF(Heatmap_Year!E34>Thresholds!$F$6,"MaxSpread ","")&IF(Heatmap_Year!E51>Thresholds!$F$7,"Outlier ","")&IF(Heatmap_Year!E68<Thresholds!$F$8,"Spearman ","")&IF(Heatmap_Year!E85>Thresholds!$F$9,"KS ","")&IF(ABS(LN(Heatmap_Year!E102))>Thresholds!$F$10,"Vol ","")&IF(ABS(LN(Heatmap_Year!E119))>Thresholds!$F$11,"Tail ","")&IF(Heatmap_Year!E136<Thresholds!$F$12,"Direction ","")&IF(Heatmap_Year!E153>Thresholds!$F$13,"Stale% ","")&IF(Heatmap_Year!E170>Thresholds!$F$14,"StaleRun ","")&IF(Heatmap_Year!E187>Thresholds!$F$15,"TrendGap ","")&IF(Heatmap_Year!E204>Thresholds!$F$16,"OppTrend ","")&IF(Heatmap_Year!E221>Thresholds!$F$17,"Shape ","") | P16: =IF(ABS(Heatmap_Year!F17)>Thresholds!$F$5,"Bias ","")&IF(Heatmap_Year!F34>Thresholds!$F$6,"MaxSpread ","")&IF(Heatmap_Year!F51>Thresholds!$F$7,"Outlier ","")&IF(Heatmap_Year!F68<Thresholds!$F$8,"Spearman ","")&IF(Heatmap_Year!F85>Thresholds!$F$9,"KS ","")&IF(ABS(LN(Heatmap_Year!F102))>Thresholds!$F$10,"Vol ","")&IF(ABS(LN(Heatmap_Year!F119))>Thresholds!$F$11,"Tail ","")&IF(Heatmap_Year!F136<Thresholds!$F$12,"Direction ","")&IF(Heatmap_Year!F153>Thresholds!$F$13,"Stale% ","")&IF(Heatmap_Year!F170>Thresholds!$F$14,"StaleRun ","")&IF(Heatmap_Year!F187>Thresholds!$F$15,"TrendGap ","")&IF(Heatmap_Year!F204>Thresholds!$F$16,"OppTrend ","")&IF(Heatmap_Year!F221>Thresholds!$F$17,"Shape ","") | Q16: =IF(ABS(Heatmap_Year!G17)>Thresholds!$F$5,"Bias ","")&IF(Heatmap_Year!G34>Thresholds!$F$6,"MaxSpread ","")&IF(Heatmap_Year!G51>Thresholds!$F$7,"Outlier ","")&IF(Heatmap_Year!G68<Thresholds!$F$8,"Spearman ","")&IF(Heatmap_Year!G85>Thresholds!$F$9,"KS ","")&IF(ABS(LN(Heatmap_Year!G102))>Thresholds!$F$10,"Vol ","")&IF(ABS(LN(Heatmap_Year!G119))>Thresholds!$F$11,"Tail ","")&IF(Heatmap_Year!G136<Thresholds!$F$12,"Direction ","")&IF(Heatmap_Year!G153>Thresholds!$F$13,"Stale% ","")&IF(Heatmap_Year!G170>Thresholds!$F$14,"StaleRun ","")&IF(Heatmap_Year!G187>Thresholds!$F$15,"TrendGap ","")&IF(Heatmap_Year!G204>Thresholds!$F$16,"OppTrend ","")&IF(Heatmap_Year!G221>Thresholds!$F$17,"Shape ","") | R16: =IF(ABS(Heatmap_Year!H17)>Thresholds!$F$5,"Bias ","")&IF(Heatmap_Year!H34>Thresholds!$F$6,"MaxSpread ","")&IF(Heatmap_Year!H51>Thresholds!$F$7,"Outlier ","")&IF(Heatmap_Year!H68<Thresholds!$F$8,"Spearman ","")&IF(Heatmap_Year!H85>Thresholds!$F$9,"KS ","")&IF(ABS(LN(Heatmap_Year!H102))>Thresholds!$F$10,"Vol ","")&IF(ABS(LN(Heatmap_Year!H119))>Thresholds!$F$11,"Tail ","")&IF(Heatmap_Year!H136<Thresholds!$F$12,"Direction ","")&IF(Heatmap_Year!H153>Thresholds!$F$13,"Stale% ","")&IF(Heatmap_Year!H170>Thresholds!$F$14,"StaleRun ","")&IF(Heatmap_Year!H187>Thresholds!$F$15,"TrendGap ","")&IF(Heatmap_Year!H204>Thresholds!$F$16,"OppTrend ","")&IF(Heatmap_Year!H221>Thresholds!$F$17,"Shape ","") | S16: =IF(ABS(Heatmap_Year!I17)>Thresholds!$F$5,"Bias ","")&IF(Heatmap_Year!I34>Thresholds!$F$6,"MaxSpread ","")&IF(Heatmap_Year!I51>Thresholds!$F$7,"Outlier ","")&IF(Heatmap_Year!I68<Thresholds!$F$8,"Spearman ","")&IF(Heatmap_Year!I85>Thresholds!$F$9,"KS ","")&IF(ABS(LN(Heatmap_Year!I102))>Thresholds!$F$10,"Vol ","")&IF(ABS(LN(Heatmap_Year!I119))>Thresholds!$F$11,"Tail ","")&IF(Heatmap_Year!I136<Thresholds!$F$12,"Direction ","")&IF(Heatmap_Year!I153>Thresholds!$F$13,"Stale% ","")&IF(Heatmap_Year!I170>Thresholds!$F$14,"StaleRun ","")&IF(Heatmap_Year!I187>Thresholds!$F$15,"TrendGap ","")&IF(Heatmap_Year!I204>Thresholds!$F$16,"OppTrend ","")&IF(Heatmap_Year!I221>Thresholds!$F$17,"Shape ","")
... A18: 10Y | B18: =IF((ABS(Heatmap_Year!B19)>Thresholds!$F$5)*1+(Heatmap_Year!B36>Thresholds!$F$6)*1+(Heatmap_Year!B53>Thresholds!$F$7)*1+(Heatmap_Year!B70<Thresholds!$F$8)*1+(Heatmap_Year!B87>Thresholds!$F$9)*1+(ABS(LN(Heatmap_Year!B104))>Thresholds!$F$10)*1+(ABS(LN(Heatmap_Year!B121))>Thresholds!$F$11)*1+(Heatmap_Year!B138<Thresholds!$F$12)*1+(Heatmap_Year!B155>Thresholds!$F$13)*1+(Heatmap_Year!B172>Thresholds!$F$14)*1+(Heatmap_Year!B189>Thresholds!$F$15)*1+(Heatmap_Year!B206>Thresholds!$F$16)*1+(Heatmap_Year!B223>Thresholds!$F$17)*1>0,"RED",IF((ABS(Heatmap_Year!B19)>Thresholds!$E$5)*1+(Heatmap_Year!B36>Thresholds!$E$6)*1+(Heatmap_Year!B53>Thresholds!$E$7)*1+(Heatmap_Year!B70<Thresholds!$E$8)*1+(Heatmap_Year!B87>Thresholds!$E$9)*1+(ABS(LN(Heatmap_Year!B104))>Thresholds!$E$10)*1+(ABS(LN(Heatmap_Year!B121))>Thresholds!$E$11)*1+(Heatmap_Year!B138<Thresholds!$E$12)*1+(Heatmap_Year!B155>Thresholds!$E$13)*1+(Heatmap_Year!B172>Thresholds!$E$14)*1+(Heatmap_Year!B189>Thresholds!$E$15)*1+(Heatmap_Year!B206>Thresholds!$E$16)*1+(Heatmap_Year!B223>Thresholds!$E$17)*1>0,"AMBER","GREEN")) -> GREEN | C18: =IF((ABS(Heatmap_Year!C19)>Thresholds!$F$5)*1+(Heatmap_Year!C36>Thresholds!$F$6)*1+(Heatmap_Year!C53>Thresholds!$F$7)*1+(Heatmap_Year!C70<Thresholds!$F$8)*1+(Heatmap_Year!C87>Thresholds!$F$9)*1+(ABS(LN(Heatmap_Year!C104))>Thresholds!$F$10)*1+(ABS(LN(Heatmap_Year!C121))>Thresholds!$F$11)*1+(Heatmap_Year!C138<Thresholds!$F$12)*1+(Heatmap_Year!C155>Thresholds!$F$13)*1+(Heatmap_Year!C172>Thresholds!$F$14)*1+(Heatmap_Year!C189>Thresholds!$F$15)*1+(Heatmap_Year!C206>Thresholds!$F$16)*1+(Heatmap_Year!C223>Thresholds!$F$17)*1>0,"RED",IF((ABS(Heatmap_Year!C19)>Thresholds!$E$5)*1+(Heatmap_Year!C36>Thresholds!$E$6)*1+(Heatmap_Year!C53>Thresholds!$E$7)*1+(Heatmap_Year!C70<Thresholds!$E$8)*1+(Heatmap_Year!C87>Thresholds!$E$9)*1+(ABS(LN(Heatmap_Year!C104))>Thresholds!$E$10)*1+(ABS(LN(Heatmap_Year!C121))>Thresholds!$E$11)*1+(Heatmap_Year!C138<Thresholds!$E$12)*1+(Heatmap_Year!C155>Thresholds!$E$13)*1+(Heatmap_Year!C172>Thresholds!$E$14)*1+(Heatmap_Year!C189>Thresholds!$E$15)*1+(Heatmap_Year!C206>Thresholds!$E$16)*1+(Heatmap_Year!C223>Thresholds!$E$17)*1>0,"AMBER","GREEN")) -> GREEN | D18: =IF((ABS(Heatmap_Year!D19)>Thresholds!$F$5)*1+(Heatmap_Year!D36>Thresholds!$F$6)*1+(Heatmap_Year!D53>Thresholds!$F$7)*1+(Heatmap_Year!D70<Thresholds!$F$8)*1+(Heatmap_Year!D87>Thresholds!$F$9)*1+(ABS(LN(Heatmap_Year!D104))>Thresholds!$F$10)*1+(ABS(LN(Heatmap_Year!D121))>Thresholds!$F$11)*1+(Heatmap_Year!D138<Thresholds!$F$12)*1+(Heatmap_Year!D155>Thresholds!$F$13)*1+(Heatmap_Year!D172>Thresholds!$F$14)*1+(Heatmap_Year!D189>Thresholds!$F$15)*1+(Heatmap_Year!D206>Thresholds!$F$16)*1+(Heatmap_Year!D223>Thresholds!$F$17)*1>0,"RED",IF((ABS(Heatmap_Year!D19)>Thresholds!$E$5)*1+(Heatmap_Year!D36>Thresholds!$E$6)*1+(Heatmap_Year!D53>Thresholds!$E$7)*1+(Heatmap_Year!D70<Thresholds!$E$8)*1+(Heatmap_Year!D87>Thresholds!$E$9)*1+(ABS(LN(Heatmap_Year!D104))>Thresholds!$E$10)*1+(ABS(LN(Heatmap_Year!D121))>Thresholds!$E$11)*1+(Heatmap_Year!D138<Thresholds!$E$12)*1+(Heatmap_Year!D155>Thresholds!$E$13)*1+(Heatmap_Year!D172>Thresholds!$E$14)*1+(Heatmap_Year!D189>Thresholds!$E$15)*1+(Heatmap_Year!D206>Thresholds!$E$16)*1+(Heatmap_Year!D223>Thresholds!$E$17)*1>0,"AMBER","GREEN")) -> GREEN | E18: =IF((ABS(Heatmap_Year!E19)>Thresholds!$F$5)*1+(Heatmap_Year!E36>Thresholds!$F$6)*1+(Heatmap_Year!E53>Thresholds!$F$7)*1+(Heatmap_Year!E70<Thresholds!$F$8)*1+(Heatmap_Year!E87>Thresholds!$F$9)*1+(ABS(LN(Heatmap_Year!E104))>Thresholds!$F$10)*1+(ABS(LN(Heatmap_Year!E121))>Thresholds!$F$11)*1+(Heatmap_Year!E138<Thresholds!$F$12)*1+(Heatmap_Year!E155>Thresholds!$F$13)*1+(Heatmap_Year!E172>Thresholds!$F$14)*1+(Heatmap_Year!E189>Thresholds!$F$15)*1+(Heatmap_Year!E206>Thresholds!$F$16)*1+(Heatmap_Year!E223>Thresholds!$F$17)*1>0,"RED",IF((ABS(Heatmap_Year!E19)>Thresholds!$E$5)*1+(Heatmap_Year!E36>Thresholds!$E$6)*1+(Heatmap_Year!E53>Thresholds!$E$7)*1+(Heatmap_Year!E70<Thresholds!$E$8)*1+(Heatmap_Year!E87>Thresholds!$E$9)*1+(ABS(LN(Heatmap_Year!E104))>Thresholds!$E$10)*1+(ABS(LN(Heatmap_Year!E121))>Thresholds!$E$11)*1+(Heatmap_Year!E138<Thresholds!$E$12)*1+(Heatmap_Year!E155>Thresholds!$E$13)*1+(Heatmap_Year!E172>Thresholds!$E$14)*1+(Heatmap_Year!E189>Thresholds!$E$15)*1+(Heatmap_Year!E206>Thresholds!$E$16)*1+(Heatmap_Year!E223>Thresholds!$E$17)*1>0,"AMBER","GREEN")) -> GREEN | F18: =IF((ABS(Heatmap_Year!F19)>Thresholds!$F$5)*1+(Heatmap_Year!F36>Thresholds!$F$6)*1+(Heatmap_Year!F53>Thresholds!$F$7)*1+(Heatmap_Year!F70<Thresholds!$F$8)*1+(Heatmap_Year!F87>Thresholds!$F$9)*1+(ABS(LN(Heatmap_Year!F104))>Thresholds!$F$10)*1+(ABS(LN(Heatmap_Year!F121))>Thresholds!$F$11)*1+(Heatmap_Year!F138<Thresholds!$F$12)*1+(Heatmap_Year!F155>Thresholds!$F$13)*1+(Heatmap_Year!F172>Thresholds!$F$14)*1+(Heatmap_Year!F189>Thresholds!$F$15)*1+(Heatmap_Year!F206>Thresholds!$F$16)*1+(Heatmap_Year!F223>Thresholds!$F$17)*1>0,"RED",IF((ABS(Heatmap_Year!F19)>Thresholds!$E$5)*1+(Heatmap_Year!F36>Thresholds!$E$6)*1+(Heatmap_Year!F53>Thresholds!$E$7)*1+(Heatmap_Year!F70<Thresholds!$E$8)*1+(Heatmap_Year!F87>Thresholds!$E$9)*1+(ABS(LN(Heatmap_Year!F104))>Thresholds!$E$10)*1+(ABS(LN(Heatmap_Year!F121))>Thresholds!$E$11)*1+(Heatmap_Year!F138<Thresholds!$E$12)*1+(Heatmap_Year!F155>Thresholds!$E$13)*1+(Heatmap_Year!F172>Thresholds!$E$14)*1+(Heatmap_Year!F189>Thresholds!$E$15)*1+(Heatmap_Year!F206>Thresholds!$E$16)*1+(Heatmap_Year!F223>Thresholds!$E$17)*1>0,"AMBER","GREEN")) -> GREEN | G18: =IF((ABS(Heatmap_Year!G19)>Thresholds!$F$5)*1+(Heatmap_Year!G36>Thresholds!$F$6)*1+(Heatmap_Year!G53>Thresholds!$F$7)*1+(Heatmap_Year!G70<Thresholds!$F$8)*1+(Heatmap_Year!G87>Thresholds!$F$9)*1+(ABS(LN(Heatmap_Year!G104))>Thresholds!$F$10)*1+(ABS(LN(Heatmap_Year!G121))>Thresholds!$F$11)*1+(Heatmap_Year!G138<Thresholds!$F$12)*1+(Heatmap_Year!G155>Thresholds!$F$13)*1+(Heatmap_Year!G172>Thresholds!$F$14)*1+(Heatmap_Year!G189>Thresholds!$F$15)*1+(Heatmap_Year!G206>Thresholds!$F$16)*1+(Heatmap_Year!G223>Thresholds!$F$17)*1>0,"RED",IF((ABS(Heatmap_Year!G19)>Thresholds!$E$5)*1+(Heatmap_Year!G36>Thresholds!$E$6)*1+(Heatmap_Year!G53>Thresholds!$E$7)*1+(Heatmap_Year!G70<Thresholds!$E$8)*1+(Heatmap_Year!G87>Thresholds!$E$9)*1+(ABS(LN(Heatmap_Year!G104))>Thresholds!$E$10)*1+(ABS(LN(Heatmap_Year!G121))>Thresholds!$E$11)*1+(Heatmap_Year!G138<Thresholds!$E$12)*1+(Heatmap_Year!G155>Thresholds!$E$13)*1+(Heatmap_Year!G172>Thresholds!$E$14)*1+(Heatmap_Year!G189>Thresholds!$E$15)*1+(Heatmap_Year!G206>Thresholds!$E$16)*1+(Heatmap_Year!G223>Thresholds!$E$17)*1>0,"AMBER","GREEN")) -> GREEN | H18: =IF((ABS(Heatmap_Year!H19)>Thresholds!$F$5)*1+(Heatmap_Year!H36>Thresholds!$F$6)*1+(Heatmap_Year!H53>Thresholds!$F$7)*1+(Heatmap_Year!H70<Thresholds!$F$8)*1+(Heatmap_Year!H87>Thresholds!$F$9)*1+(ABS(LN(Heatmap_Year!H104))>Thresholds!$F$10)*1+(ABS(LN(Heatmap_Year!H121))>Thresholds!$F$11)*1+(Heatmap_Year!H138<Thresholds!$F$12)*1+(Heatmap_Year!H155>Thresholds!$F$13)*1+(Heatmap_Year!H172>Thresholds!$F$14)*1+(Heatmap_Year!H189>Thresholds!$F$15)*1+(Heatmap_Year!H206>Thresholds!$F$16)*1+(Heatmap_Year!H223>Thresholds!$F$17)*1>0,"RED",IF((ABS(Heatmap_Year!H19)>Thresholds!$E$5)*1+(Heatmap_Year!H36>Thresholds!$E$6)*1+(Heatmap_Year!H53>Thresholds!$E$7)*1+(Heatmap_Year!H70<Thresholds!$E$8)*1+(Heatmap_Year!H87>Thresholds!$E$9)*1+(ABS(LN(Heatmap_Year!H104))>Thresholds!$E$10)*1+(ABS(LN(Heatmap_Year!H121))>Thresholds!$E$11)*1+(Heatmap_Year!H138<Thresholds!$E$12)*1+(Heatmap_Year!H155>Thresholds!$E$13)*1+(Heatmap_Year!H172>Thresholds!$E$14)*1+(Heatmap_Year!H189>Thresholds!$E$15)*1+(Heatmap_Year!H206>Thresholds!$E$16)*1+(Heatmap_Year!H223>Thresholds!$E$17)*1>0,"AMBER","GREEN")) -> GREEN | I18: =IF((ABS(Heatmap_Year!I19)>Thresholds!$F$5)*1+(Heatmap_Year!I36>Thresholds!$F$6)*1+(Heatmap_Year!I53>Thresholds!$F$7)*1+(Heatmap_Year!I70<Thresholds!$F$8)*1+(Heatmap_Year!I87>Thresholds!$F$9)*1+(ABS(LN(Heatmap_Year!I104))>Thresholds!$F$10)*1+(ABS(LN(Heatmap_Year!I121))>Thresholds!$F$11)*1+(Heatmap_Year!I138<Thresholds!$F$12)*1+(Heatmap_Year!I155>Thresholds!$F$13)*1+(Heatmap_Year!I172>Thresholds!$F$14)*1+(Heatmap_Year!I189>Thresholds!$F$15)*1+(Heatmap_Year!I206>Thresholds!$F$16)*1+(Heatmap_Year!I223>Thresholds!$F$17)*1>0,"RED",IF((ABS(Heatmap_Year!I19)>Thresholds!$E$5)*1+(Heatmap_Year!I36>Thresholds!$E$6)*1+(Heatmap_Year!I53>Thresholds!$E$7)*1+(Heatmap_Year!I70<Thresholds!$E$8)*1+(Heatmap_Year!I87>Thresholds!$E$9)*1+(ABS(LN(Heatmap_Year!I104))>Thresholds!$E$10)*1+(ABS(LN(Heatmap_Year!I121))>Thresholds!$E$11)*1+(Heatmap_Year!I138<Thresholds!$E$12)*1+(Heatmap_Year!I155>Thresholds!$E$13)*1+(Heatmap_Year!I172>Thresholds!$E$14)*1+(Heatmap_Year!I189>Thresholds!$E$15)*1+(Heatmap_Year!I206>Thresholds!$E$16)*1+(Heatmap_Year!I223>Thresholds!$E$17)*1>0,"AMBER","GREEN")) -> GREEN | K18: 10Y | L18: =IF(ABS(Heatmap_Year!B19)>Thresholds!$F$5,"Bias ","")&IF(Heatmap_Year!B36>Thresholds!$F$6,"MaxSpread ","")&IF(Heatmap_Year!B53>Thresholds!$F$7,"Outlier ","")&IF(Heatmap_Year!B70<Thresholds!$F$8,"Spearman ","")&IF(Heatmap_Year!B87>Thresholds!$F$9,"KS ","")&IF(ABS(LN(Heatmap_Year!B104))>Thresholds!$F$10,"Vol ","")&IF(ABS(LN(Heatmap_Year!B121))>Thresholds!$F$11,"Tail ","")&IF(Heatmap_Year!B138<Thresholds!$F$12,"Direction ","")&IF(Heatmap_Year!B155>Thresholds!$F$13,"Stale% ","")&IF(Heatmap_Year!B172>Thresholds!$F$14,"StaleRun ","")&IF(Heatmap_Year!B189>Thresholds!$F$15,"TrendGap ","")&IF(Heatmap_Year!B206>Thresholds!$F$16,"OppTrend ","")&IF(Heatmap_Year!B223>Thresholds!$F$17,"Shape ","") | M18: =IF(ABS(Heatmap_Year!C19)>Thresholds!$F$5,"Bias ","")&IF(Heatmap_Year!C36>Thresholds!$F$6,"MaxSpread ","")&IF(Heatmap_Year!C53>Thresholds!$F$7,"Outlier ","")&IF(Heatmap_Year!C70<Thresholds!$F$8,"Spearman ","")&IF(Heatmap_Year!C87>Thresholds!$F$9,"KS ","")&IF(ABS(LN(Heatmap_Year!C104))>Thresholds!$F$10,"Vol ","")&IF(ABS(LN(Heatmap_Year!C121))>Thresholds!$F$11,"Tail ","")&IF(Heatmap_Year!C138<Thresholds!$F$12,"Direction ","")&IF(Heatmap_Year!C155>Thresholds!$F$13,"Stale% ","")&IF(Heatmap_Year!C172>Thresholds!$F$14,"StaleRun ","")&IF(Heatmap_Year!C189>Thresholds!$F$15,"TrendGap ","")&IF(Heatmap_Year!C206>Thresholds!$F$16,"OppTrend ","")&IF(Heatmap_Year!C223>Thresholds!$F$17,"Shape ","") | N18: =IF(ABS(Heatmap_Year!D19)>Thresholds!$F$5,"Bias ","")&IF(Heatmap_Year!D36>Thresholds!$F$6,"MaxSpread ","")&IF(Heatmap_Year!D53>Thresholds!$F$7,"Outlier ","")&IF(Heatmap_Year!D70<Thresholds!$F$8,"Spearman ","")&IF(Heatmap_Year!D87>Thresholds!$F$9,"KS ","")&IF(ABS(LN(Heatmap_Year!D104))>Thresholds!$F$10,"Vol ","")&IF(ABS(LN(Heatmap_Year!D121))>Thresholds!$F$11,"Tail ","")&IF(Heatmap_Year!D138<Thresholds!$F$12,"Direction ","")&IF(Heatmap_Year!D155>Thresholds!$F$13,"Stale% ","")&IF(Heatmap_Year!D172>Thresholds!$F$14,"StaleRun ","")&IF(Heatmap_Year!D189>Thresholds!$F$15,"TrendGap ","")&IF(Heatmap_Year!D206>Thresholds!$F$16,"OppTrend ","")&IF(Heatmap_Year!D223>Thresholds!$F$17,"Shape ","") | O18: =IF(ABS(Heatmap_Year!E19)>Thresholds!$F$5,"Bias ","")&IF(Heatmap_Year!E36>Thresholds!$F$6,"MaxSpread ","")&IF(Heatmap_Year!E53>Thresholds!$F$7,"Outlier ","")&IF(Heatmap_Year!E70<Thresholds!$F$8,"Spearman ","")&IF(Heatmap_Year!E87>Thresholds!$F$9,"KS ","")&IF(ABS(LN(Heatmap_Year!E104))>Thresholds!$F$10,"Vol ","")&IF(ABS(LN(Heatmap_Year!E121))>Thresholds!$F$11,"Tail ","")&IF(Heatmap_Year!E138<Thresholds!$F$12,"Direction ","")&IF(Heatmap_Year!E155>Thresholds!$F$13,"Stale% ","")&IF(Heatmap_Year!E172>Thresholds!$F$14,"StaleRun ","")&IF(Heatmap_Year!E189>Thresholds!$F$15,"TrendGap ","")&IF(Heatmap_Year!E206>Thresholds!$F$16,"OppTrend ","")&IF(Heatmap_Year!E223>Thresholds!$F$17,"Shape ","") | P18: =IF(ABS(Heatmap_Year!F19)>Thresholds!$F$5,"Bias ","")&IF(Heatmap_Year!F36>Thresholds!$F$6,"MaxSpread ","")&IF(Heatmap_Year!F53>Thresholds!$F$7,"Outlier ","")&IF(Heatmap_Year!F70<Thresholds!$F$8,"Spearman ","")&IF(Heatmap_Year!F87>Thresholds!$F$9,"KS ","")&IF(ABS(LN(Heatmap_Year!F104))>Thresholds!$F$10,"Vol ","")&IF(ABS(LN(Heatmap_Year!F121))>Thresholds!$F$11,"Tail ","")&IF(Heatmap_Year!F138<Thresholds!$F$12,"Direction ","")&IF(Heatmap_Year!F155>Thresholds!$F$13,"Stale% ","")&IF(Heatmap_Year!F172>Thresholds!$F$14,"StaleRun ","")&IF(Heatmap_Year!F189>Thresholds!$F$15,"TrendGap ","")&IF(Heatmap_Year!F206>Thresholds!$F$16,"OppTrend ","")&IF(Heatmap_Year!F223>Thresholds!$F$17,"Shape ","") | Q18: =IF(ABS(Heatmap_Year!G19)>Thresholds!$F$5,"Bias ","")&IF(Heatmap_Year!G36>Thresholds!$F$6,"MaxSpread ","")&IF(Heatmap_Year!G53>Thresholds!$F$7,"Outlier ","")&IF(Heatmap_Year!G70<Thresholds!$F$8,"Spearman ","")&IF(Heatmap_Year!G87>Thresholds!$F$9,"KS ","")&IF(ABS(LN(Heatmap_Year!G104))>Thresholds!$F$10,"Vol ","")&IF(ABS(LN(Heatmap_Year!G121))>Thresholds!$F$11,"Tail ","")&IF(Heatmap_Year!G138<Thresholds!$F$12,"Direction ","")&IF(Heatmap_Year!G155>Thresholds!$F$13,"Stale% ","")&IF(Heatmap_Year!G172>Thresholds!$F$14,"StaleRun ","")&IF(Heatmap_Year!G189>Thresholds!$F$15,"TrendGap ","")&IF(Heatmap_Year!G206>Thresholds!$F$16,"OppTrend ","")&IF(Heatmap_Year!G223>Thresholds!$F$17,"Shape ","") | R18: =IF(ABS(Heatmap_Year!H19)>Thresholds!$F$5,"Bias ","")&IF(Heatmap_Year!H36>Thresholds!$F$6,"MaxSpread ","")&IF(Heatmap_Year!H53>Thresholds!$F$7,"Outlier ","")&IF(Heatmap_Year!H70<Thresholds!$F$8,"Spearman ","")&IF(Heatmap_Year!H87>Thresholds!$F$9,"KS ","")&IF(ABS(LN(Heatmap_Year!H104))>Thresholds!$F$10,"Vol ","")&IF(ABS(LN(Heatmap_Year!H121))>Thresholds!$F$11,"Tail ","")&IF(Heatmap_Year!H138<Thresholds!$F$12,"Direction ","")&IF(Heatmap_Year!H155>Thresholds!$F$13,"Stale% ","")&IF(Heatmap_Year!H172>Thresholds!$F$14,"StaleRun ","")&IF(Heatmap_Year!H189>Thresholds!$F$15,"TrendGap ","")&IF(Heatmap_Year!H206>Thresholds!$F$16,"OppTrend ","")&IF(Heatmap_Year!H223>Thresholds!$F$17,"Shape ","") | S18: =IF(ABS(Heatmap_Year!I19)>Thresholds!$F$5,"Bias ","")&IF(Heatmap_Year!I36>Thresholds!$F$6,"MaxSpread ","")&IF(Heatmap_Year!I53>Thresholds!$F$7,"Outlier ","")&IF(Heatmap_Year!I70<Thresholds!$F$8,"Spearman ","")&IF(Heatmap_Year!I87>Thresholds!$F$9,"KS ","")&IF(ABS(LN(Heatmap_Year!I104))>Thresholds!$F$10,"Vol ","")&IF(ABS(LN(Heatmap_Year!I121))>Thresholds!$F$11,"Tail ","")&IF(Heatmap_Year!I138<Thresholds!$F$12,"Direction ","")&IF(Heatmap_Year!I155>Thresholds!$F$13,"Stale% ","")&IF(Heatmap_Year!I172>Thresholds!$F$14,"StaleRun ","")&IF(Heatmap_Year!I189>Thresholds!$F$15,"TrendGap ","")&IF(Heatmap_Year!I206>Thresholds!$F$16,"OppTrend ","")&IF(Heatmap_Year!I223>Thresholds!$F$17,"Shape ","")
A20: Reading it
A21: 1D-2021: stale ICE block – caught by Stale%, StaleRun, KS, Spearman, Direction, MaxSpread, Outlier, TrendGap, OppTrend, Shape; Vol and Tail only amber.
A22: 2Y-2024: ICE trends up while BBG trends down – Spearman/KS/Vol/Tail all pass; caught by MaxSpread, Outlier, TrendGap, OppTrend, Shape.
A23: 5Y-2023: one 83bp ICE print – caught by MaxSpread, Outlier, Vol, Tail, TrendGap; Spearman and KS pass.
A24: 9M-2025: BBG 9M bent ~6bp below the curve – every Δ test passes; caught by Shape (+ MaxSpread amber, Bias amber).
A25: All other tenor-years (e.g. 3M throughout): GREEN – the clean benchmark.
A26: Note the Full column: several problems are diluted to amber/green over the whole history – always read by year.

Sheet Use_Cases
A1: Demo use cases – what caught each one, and what missed it
A2: Evidence cells link live to Heatmap_Year / Curve_Shape. Clean 3M in the same year shown alongside for comparison.
A4: 1. Stale 1D (ICE, 2021)
A5: Only amber on vol and tail: the frozen months cut ICE vol, but the catch-up jumps put it back. KS is the sharpest distribution test – the zero-Δ spike wrecks the CDF – and Stale% / StaleRun say exactly what is wrong.
A6: Metric | B6: Role | C6: 1D 2021 | D6: 3M 2021 (clean) | E6: Status
A7: Zero-Δ share (worse vendor) | B7: Caught it | C7: =Heatmap_Year!C142 -> 0.53846154 | D7: =Heatmap_Year!C148 -> 0 | E7: =IF(C7>Thresholds!$F$13,"RED",IF(C7>Thresholds!$E$13,"AMBER","GREEN")) -> RED
A8: Longest unchanged run (days, worse vendor) | B8: Caught it | C8: =Heatmap_Year!C159 -> 88 | D8: =Heatmap_Year!C165 -> 0 | E8: =IF(C8>Thresholds!$F$14,"RED",IF(C8>Thresholds!$E$14,"AMBER","GREEN")) -> RED
A9: KS statistic on daily Δ | B9: Caught it | C9: =Heatmap_Year!C74 -> 0.29230769 | D9: =Heatmap_Year!C80 -> 0.030769231 | E9: =IF(C9>Thresholds!$F$9,"RED",IF(C9>Thresholds!$E$9,"AMBER","GREEN")) -> RED
A10: Spearman on daily Δ | B10: Caught it | C10: =Heatmap_Year!C57 -> 0.53872817 | D10: =Heatmap_Year!C63 -> 0.92885989 | E10: =IF(C10<Thresholds!$F$8,"RED",IF(C10<Thresholds!$E$8,"AMBER","GREEN")) -> RED
A11: Direction agreement (share of days same sign) | B11: Caught it | C11: =Heatmap_Year!C125 -> 0.39615385 | D11: =Heatmap_Year!C131 -> 0.88846154 | E11: =IF(C11<Thresholds!$F$12,"RED",IF(C11<Thresholds!$E$12,"AMBER","GREEN")) -> RED
A12: Max |spread| (bp) | B12: Caught it | C12: =Heatmap_Year!C23 -> 34.681055 | D12: =Heatmap_Year!C29 -> 2.641392 | E12: =IF(C12>Thresholds!$F$6,"RED",IF(C12>Thresholds!$E$6,"AMBER","GREEN")) -> RED
A13: Max |60d trend gap| (bp) | B13: Caught it | C13: =Heatmap_Year!C176 -> 35.754325 | D13: =Heatmap_Year!C182 -> 3.0858587 | E13: =IF(C13>Thresholds!$F$15,"RED",IF(C13>Thresholds!$E$15,"AMBER","GREEN")) -> RED
A14: Opposite-trend days (60d moves >10bp in opposite directions) | B14: Caught it | C14: =Heatmap_Year!C193 -> 19 | D14: =Heatmap_Year!C199 -> 0 | E14: =IF(C14>Thresholds!$F$16,"RED",IF(C14>Thresholds!$E$16,"AMBER","GREEN")) -> RED
A15: Vol ratio σΔ ICE/BBG (tested on |ln|) | B15: Missed / weak | C15: =Heatmap_Year!C91 -> 0.83350278 | D15: =Heatmap_Year!C97 -> 1.0236633 | E15: =IF(ABS(LN(C15))>Thresholds!$F$10,"RED",IF(ABS(LN(C15))>Thresholds!$E$10,"AMBER","GREEN")) -> AMBER
A16: Tail ratio ES97.5 |Δ| ICE/BBG (tested on |ln|) | B16: Missed / weak | C16: =Heatmap_Year!C108 -> 1.2990288 | D16: =Heatmap_Year!C114 -> 1.0230362 | E16: =IF(ABS(LN(C16))>Thresholds!$F$11,"RED",IF(ABS(LN(C16))>Thresholds!$E$11,"AMBER","GREEN")) -> AMBER
A18: 2. Divergent trend 2Y (2024)
A19: The drift is ~0.5bp/day, buried in daily noise, so every Δ-based test passes. Trend-gap and opposite-trend count are essential.
A20: Metric | B20: Role | C20: 2Y 2024 | D20: 3M 2024 (clean) | E20: Status
A21: Max |60d trend gap| (bp) | B21: Caught it | C21: =Heatmap_Year!F186 -> 60.440713 | D21: =Heatmap_Year!F182 -> 3.4104087 | E21: =IF(C21>Thresholds!$F$15,"RED",IF(C21>Thresholds!$E$15,"AMBER","GREEN")) -> RED
A22: Opposite-trend days (60d moves >10bp in opposite directions) | B22: Caught it | C22: =Heatmap_Year!F203 -> 24 | D22: =Heatmap_Year!F199 -> 0 | E22: =IF(C22>Thresholds!$F$16,"RED",IF(C22>Thresholds!$E$16,"AMBER","GREEN")) -> RED
A23: Max |spread| (bp) | B23: Caught it | C23: =Heatmap_Year!F33 -> 60.128068 | D23: =Heatmap_Year!F29 -> 3.2282426 | E23: =IF(C23>Thresholds!$F$6,"RED",IF(C23>Thresholds!$E$6,"AMBER","GREEN")) -> RED
A24: Max robust z of spread | B24: Caught it | C24: =Heatmap_Year!F50 -> 25.023411 | D24: =Heatmap_Year!F46 -> 3.2498721 | E24: =IF(C24>Thresholds!$F$7,"RED",IF(C24>Thresholds!$E$7,"AMBER","GREEN")) -> RED
A25: Shape residual: max |20d median| (bp) | B25: Caught it | C25: =Heatmap_Year!F220 -> 55.987965 | D25: =Heatmap_Year!F216 -> 0.57524917 | E25: =IF(C25>Thresholds!$F$17,"RED",IF(C25>Thresholds!$E$17,"AMBER","GREEN")) -> RED
A26: Spearman on daily Δ | B26: Missed / weak | C26: =Heatmap_Year!F67 -> 0.85196914 | D26: =Heatmap_Year!F63 -> 0.90360149 | E26: =IF(C26<Thresholds!$F$8,"RED",IF(C26<Thresholds!$E$8,"AMBER","GREEN")) -> GREEN
A27: KS statistic on daily Δ | B27: Missed / weak | C27: =Heatmap_Year!F84 -> 0.057471264 | D27: =Heatmap_Year!F80 -> 0.038314176 | E27: =IF(C27>Thresholds!$F$9,"RED",IF(C27>Thresholds!$E$9,"AMBER","GREEN")) -> GREEN
A28: Vol ratio σΔ ICE/BBG (tested on |ln|) | B28: Missed / weak | C28: =Heatmap_Year!F101 -> 1.114179 | D28: =Heatmap_Year!F97 -> 0.99451716 | E28: =IF(ABS(LN(C28))>Thresholds!$F$10,"RED",IF(ABS(LN(C28))>Thresholds!$E$10,"AMBER","GREEN")) -> GREEN
A29: Tail ratio ES97.5 |Δ| ICE/BBG (tested on |ln|) | B29: Missed / weak | C29: =Heatmap_Year!F118 -> 1.1058077 | D29: =Heatmap_Year!F114 -> 0.9684401 | E29: =IF(ABS(LN(C29))>Thresholds!$F$11,"RED",IF(ABS(LN(C29))>Thresholds!$E$11,"AMBER","GREEN")) -> GREEN
A31: 3. Large move 5Y (ICE, 2023)
A32: One print on ~250 days barely moves ranks (Spearman) or the CDF (KS), but it dominates vol and the tail – exactly what would corrupt ES.
A33: Metric | B33: Role | C33: 5Y 2023 | D33: 3M 2023 (clean) | E33: Status
A34: Max |spread| (bp) | B34: Caught it | C34: =Heatmap_Year!E35 -> 83.277853 | D34: =Heatmap_Year!E29 -> 2.9502173 | E34: =IF(C34>Thresholds!$F$6,"RED",IF(C34>Thresholds!$E$6,"AMBER","GREEN")) -> RED
A35: Max robust z of spread | B35: Caught it | C35: =Heatmap_Year!E52 -> 99.135697 | D35: =Heatmap_Year!E46 -> 3.5485381 | E35: =IF(C35>Thresholds!$F$7,"RED",IF(C35>Thresholds!$E$7,"AMBER","GREEN")) -> RED
A36: Vol ratio σΔ ICE/BBG (tested on |ln|) | B36: Caught it | C36: =Heatmap_Year!E103 -> 3.0904479 | D36: =Heatmap_Year!E97 -> 1.0429898 | E36: =IF(ABS(LN(C36))>Thresholds!$F$10,"RED",IF(ABS(LN(C36))>Thresholds!$E$10,"AMBER","GREEN")) -> RED
A37: Tail ratio ES97.5 |Δ| ICE/BBG (tested on |ln|) | B37: Caught it | C37: =Heatmap_Year!E120 -> 4.3402079 | D37: =Heatmap_Year!E114 -> 0.99679178 | E37: =IF(ABS(LN(C37))>Thresholds!$F$11,"RED",IF(ABS(LN(C37))>Thresholds!$E$11,"AMBER","GREEN")) -> RED
A38: Max |60d trend gap| (bp) | B38: Caught it | C38: =Heatmap_Year!E188 -> 82.614307 | D38: =Heatmap_Year!E182 -> 4.7114686 | E38: =IF(C38>Thresholds!$F$15,"RED",IF(C38>Thresholds!$E$15,"AMBER","GREEN")) -> RED
A39: Spearman on daily Δ | B39: Missed / weak | C39: =Heatmap_Year!E69 -> 0.86784937 | D39: =Heatmap_Year!E63 -> 0.88811377 | E39: =IF(C39<Thresholds!$F$8,"RED",IF(C39<Thresholds!$E$8,"AMBER","GREEN")) -> GREEN
A40: KS statistic on daily Δ | B40: Missed / weak | C40: =Heatmap_Year!E86 -> 0.05019305 | D40: =Heatmap_Year!E80 -> 0.042471042 | E40: =IF(C40>Thresholds!$F$9,"RED",IF(C40>Thresholds!$E$9,"AMBER","GREEN")) -> GREEN
A41: Direction agreement (share of days same sign) | B41: Missed / weak | C41: =Heatmap_Year!E137 -> 0.83783784 | D41: =Heatmap_Year!E131 -> 0.87644788 | E41: =IF(C41<Thresholds!$F$12,"RED",IF(C41<Thresholds!$E$12,"AMBER","GREEN")) -> GREEN
A43: 4. Shape 9M (BBG, 2025)
A44: Slowly-applied level offset: Δ statistics are blind to it. Needs a level-based, cross-tenor measure (shape residual / butterfly).
A45: Metric | B45: Role | C45: 9M 2025 | D45: 3M 2025 (clean) | E45: Status
A46: Shape residual: max |20d median| (bp) | B46: Caught it | C46: =Heatmap_Year!G218 -> 6.3803768 | D46: =Heatmap_Year!G216 -> 0.47227586 | E46: =IF(C46>Thresholds!$F$17,"RED",IF(C46>Thresholds!$E$17,"AMBER","GREEN")) -> RED
A47: Max |spread| (bp) | B47: Caught it | C47: =Heatmap_Year!G31 -> 7.3610243 | D47: =Heatmap_Year!G29 -> 2.4075956 | E47: =IF(C47>Thresholds!$F$6,"RED",IF(C47>Thresholds!$E$6,"AMBER","GREEN")) -> AMBER
A48: |Median spread| (bp) | B48: Caught it | C48: =Heatmap_Year!G14 -> 1.0017617 | D48: =Heatmap_Year!G12 -> -0.35573598 | E48: =IF(ABS(C48)>Thresholds!$F$5,"RED",IF(ABS(C48)>Thresholds!$E$5,"AMBER","GREEN")) -> AMBER
A49: Spearman on daily Δ | B49: Missed / weak | C49: =Heatmap_Year!G65 -> 0.89462429 | D49: =Heatmap_Year!G63 -> 0.91089923 | E49: =IF(C49<Thresholds!$F$8,"RED",IF(C49<Thresholds!$E$8,"AMBER","GREEN")) -> GREEN
A50: KS statistic on daily Δ | B50: Missed / weak | C50: =Heatmap_Year!G82 -> 0.057692308 | D50: =Heatmap_Year!G80 -> 0.042307692 | E50: =IF(C50>Thresholds!$F$9,"RED",IF(C50>Thresholds!$E$9,"AMBER","GREEN")) -> GREEN
A51: Vol ratio σΔ ICE/BBG (tested on |ln|) | B51: Missed / weak | C51: =Heatmap_Year!G99 -> 1.0149937 | D51: =Heatmap_Year!G97 -> 1.0247902 | E51: =IF(ABS(LN(C51))>Thresholds!$F$10,"RED",IF(ABS(LN(C51))>Thresholds!$E$10,"AMBER","GREEN")) -> GREEN
A52: Tail ratio ES97.5 |Δ| ICE/BBG (tested on |ln|) | B52: Missed / weak | C52: =Heatmap_Year!G116 -> 0.99549341 | D52: =Heatmap_Year!G114 -> 0.99520433 | E52: =IF(ABS(LN(C52))>Thresholds!$F$11,"RED",IF(ABS(LN(C52))>Thresholds!$E$11,"AMBER","GREEN")) -> GREEN
A53: Direction agreement (share of days same sign) | B53: Missed / weak | C53: =Heatmap_Year!G133 -> 0.85769231 | D53: =Heatmap_Year!G131 -> 0.87307692 | E53: =IF(C53<Thresholds!$F$12,"RED",IF(C53<Thresholds!$E$12,"AMBER","GREEN")) -> GREEN
A54: Max |60d trend gap| (bp) | B54: Missed / weak | C54: =Heatmap_Year!G184 -> 8.3371893 | D54: =Heatmap_Year!G182 -> 3.5469489 | E54: =IF(C54>Thresholds!$F$15,"RED",IF(C54>Thresholds!$E$15,"AMBER","GREEN")) -> AMBER
A56: 5. Clean control 3M
A57: Green in every year on every metric – this is what "same trend, distribution and shape" looks like.
A58: Metric | B58: Role | C58: 3M 2025 | D58: 3M full history | E58: Status
A59: Spearman on daily Δ | B59: Benchmark | C59: =Heatmap_Year!G63 -> 0.91089923 | D59: =Heatmap_Year!I63 -> 0.91149998 | E59: =IF(C59<Thresholds!$F$8,"RED",IF(C59<Thresholds!$E$8,"AMBER","GREEN")) -> GREEN
